REGION,EMISSION,YEAR,VALUE
REGION1,ATHY,2015,147.67
REGION1,ATHY,2016,149.26
REGION1,ATHY,2017,150.85
REGION1,ATHY,2018,152.44
REGION1,ATHY,2019,154.03
REGION1,ATHY,2020,155.62
REGION1,ATHY,2021,156.57
REGION1,ATHY,2022,157.52
REGION1,ATHY,2023,158.46
REGION1,ATHY,2024,159.41
REGION1,ATHY,2025,160.35
REGION1,ATHY,2026,160.37
REGION1,ATHY,2027,160.39
REGION1,ATHY,2028,160.4
REGION1,ATHY,2029,160.42
REGION1,ATHY,2030,160.44
REGION1,ATHY,2031,160.72
REGION1,ATHY,2032,161.01
REGION1,ATHY,2033,161.29
REGION1,ATHY,2034,161.58
REGION1,ATHY,2035,161.86
REGION1,ATHY,2036,161.96
REGION1,ATHY,2037,162.06
REGION1,ATHY,2038,162.16
REGION1,ATHY,2039,162.26
REGION1,ATHY,2040,162.36
REGION1,ATHY,2041,162.37
REGION1,ATHY,2042,162.38
REGION1,ATHY,2043,162.39
REGION1,ATHY,2044,162.4
REGION1,ATHY,2045,162.41
REGION1,ATHY,2046,162.89
REGION1,ATHY,2047,163.38
REGION1,ATHY,2048,163.86
REGION1,ATHY,2049,164.35
REGION1,ATHY,2050,164.83
REGION1,ATHY,2051,165
REGION1,ATHY,2052,165.16
REGION1,ATHY,2053,165.33
REGION1,ATHY,2054,165.49
REGION1,ATHY,2055,165.66
REGION1,ATHY,2056,165.83
REGION1,ATHY,2057,165.99
REGION1,ATHY,2058,166.16
REGION1,ATHY,2059,166.32
REGION1,ATHY,2060,166.49
REGION1,ATSO,2015,3.37
REGION1,ATSO,2016,3.95
REGION1,ATSO,2017,4.57
REGION1,ATSO,2018,5.24
REGION1,ATSO,2019,6.13
REGION1,ATSO,2020,7.35
REGION1,ATSO,2021,10.02
REGION1,ATSO,2022,12.77
REGION1,ATSO,2023,20.69
REGION1,ATSO,2024,27.89
REGION1,ATSO,2025,35.09
REGION1,ATSO,2026,42.29
REGION1,ATSO,2027,49.49
REGION1,ATSO,2028,56.69
REGION1,ATSO,2029,63.89
REGION1,ATSO,2030,71.09
REGION1,ATSO,2031,78.29
REGION1,ATSO,2032,85.49
REGION1,ATSO,2033,92.69
REGION1,ATSO,2034,99.89
REGION1,ATSO,2035,107.09
REGION1,ATSO,2036,114.29
REGION1,ATSO,2037,121.49
REGION1,ATSO,2038,128.69
REGION1,ATSO,2039,135.89
REGION1,ATSO,2040,143.09
REGION1,ATSO,2041,150.29
REGION1,ATSO,2042,157.49
REGION1,ATSO,2043,164.69
REGION1,ATSO,2044,171.89
REGION1,ATSO,2045,179.09
REGION1,ATSO,2046,186.29
REGION1,ATSO,2047,193.49
REGION1,ATSO,2048,200.69
REGION1,ATSO,2049,207.89
REGION1,ATSO,2050,215.09
REGION1,ATSO,2051,215.09
REGION1,ATSO,2052,215.09
REGION1,ATSO,2053,215.09
REGION1,ATSO,2054,215.09
REGION1,ATSO,2055,215.09
REGION1,ATSO,2056,215.09
REGION1,ATSO,2057,215.09
REGION1,ATSO,2058,215.09
REGION1,ATSO,2059,215.09
REGION1,ATSO,2060,215.09
REGION1,ATWI,2015,90
REGION1,ATWI,2016,90
REGION1,ATWI,2017,90
REGION1,ATWI,2018,90
REGION1,ATWI,2019,90
REGION1,ATWI,2020,90
REGION1,ATWI,2021,90
REGION1,ATWI,2022,90
REGION1,ATWI,2023,90
REGION1,ATWI,2024,90
REGION1,ATWI,2025,90
REGION1,ATWI,2026,90
REGION1,ATWI,2027,90
REGION1,ATWI,2028,90
REGION1,ATWI,2029,90
REGION1,ATWI,2030,90
REGION1,ATWI,2031,90
REGION1,ATWI,2032,90
REGION1,ATWI,2033,90
REGION1,ATWI,2034,90
REGION1,ATWI,2035,90
REGION1,ATWI,2036,90
REGION1,ATWI,2037,90
REGION1,ATWI,2038,90
REGION1,ATWI,2039,90
REGION1,ATWI,2040,90
REGION1,ATWI,2041,90
REGION1,ATWI,2042,90
REGION1,ATWI,2043,90
REGION1,ATWI,2044,90
REGION1,ATWI,2045,90
REGION1,ATWI,2046,90
REGION1,ATWI,2047,90
REGION1,ATWI,2048,90
REGION1,ATWI,2049,90
REGION1,ATWI,2050,90
REGION1,ATWI,2051,90
REGION1,ATWI,2052,90
REGION1,ATWI,2053,90
REGION1,ATWI,2054,90
REGION1,ATWI,2055,90
REGION1,ATWI,2056,90
REGION1,ATWI,2057,90
REGION1,ATWI,2058,90
REGION1,ATWI,2059,90
REGION1,ATWI,2060,90
REGION1,BEHO,2015,1.3
REGION1,BEHO,2016,1.31
REGION1,BEHO,2017,1.31
REGION1,BEHO,2018,1.32
REGION1,BEHO,2019,1.33
REGION1,BEHO,2020,1.34
REGION1,BEHO,2021,1.34
REGION1,BEHO,2022,1.34
REGION1,BEHO,2023,1.34
REGION1,BEHO,2024,1.34
REGION1,BEHO,2025,1.34
REGION1,BEHO,2026,1.48
REGION1,BEHO,2027,1.62
REGION1,BEHO,2028,1.77
REGION1,BEHO,2029,1.91
REGION1,BEHO,2030,2.05
REGION1,BEHO,2031,2.06
REGION1,BEHO,2032,2.07
REGION1,BEHO,2033,2.08
REGION1,BEHO,2034,2.09
REGION1,BEHO,2035,2.09
REGION1,BEHO,2036,2.1
REGION1,BEHO,2037,2.11
REGION1,BEHO,2038,2.12
REGION1,BEHO,2039,2.13
REGION1,BEHO,2040,2.14
REGION1,BEHO,2041,2.14
REGION1,BEHO,2042,2.15
REGION1,BEHO,2043,2.16
REGION1,BEHO,2044,2.17
REGION1,BEHO,2045,2.18
REGION1,BEHO,2046,2.19
REGION1,BEHO,2047,2.21
REGION1,BEHO,2048,2.23
REGION1,BEHO,2049,2.24
REGION1,BEHO,2050,2.26
REGION1,BEHO,2051,2.27
REGION1,BEHO,2052,2.28
REGION1,BEHO,2053,2.29
REGION1,BEHO,2054,2.31
REGION1,BEHO,2055,2.32
REGION1,BEHO,2056,2.33
REGION1,BEHO,2057,2.34
REGION1,BEHO,2058,2.35
REGION1,BEHO,2059,2.36
REGION1,BEHO,2060,2.38
REGION1,BEWI,2015,64.8
REGION1,BEWI,2016,64.8
REGION1,BEWI,2017,64.8
REGION1,BEWI,2018,64.8
REGION1,BEWI,2019,64.8
REGION1,BEWI,2020,64.8
REGION1,BEWI,2021,64.8
REGION1,BEWI,2022,64.8
REGION1,BEWI,2023,64.8
REGION1,BEWI,2024,64.8
REGION1,BEWI,2025,64.8
REGION1,BEWI,2026,64.8
REGION1,BEWI,2027,64.8
REGION1,BEWI,2028,64.8
REGION1,BEWI,2029,64.8
REGION1,BEWI,2030,64.8
REGION1,BEWI,2031,64.8
REGION1,BEWI,2032,64.8
REGION1,BEWI,2033,64.8
REGION1,BEWI,2034,64.8
REGION1,BEWI,2035,64.8
REGION1,BEWI,2036,64.8
REGION1,BEWI,2037,64.8
REGION1,BEWI,2038,64.8
REGION1,BEWI,2039,64.8
REGION1,BEWI,2040,64.8
REGION1,BEWI,2041,64.8
REGION1,BEWI,2042,64.8
REGION1,BEWI,2043,64.8
REGION1,BEWI,2044,64.8
REGION1,BEWI,2045,64.8
REGION1,BEWI,2046,64.8
REGION1,BEWI,2047,64.8
REGION1,BEWI,2048,64.8
REGION1,BEWI,2049,64.8
REGION1,BEWI,2050,64.8
REGION1,BEWI,2051,64.8
REGION1,BEWI,2052,64.8
REGION1,BEWI,2053,64.8
REGION1,BEWI,2054,64.8
REGION1,BEWI,2055,64.8
REGION1,BEWI,2056,64.8
REGION1,BEWI,2057,64.8
REGION1,BEWI,2058,64.8
REGION1,BEWI,2059,64.8
REGION1,BEWI,2060,64.8
REGION1,DEHO,2015,80.6
REGION1,DEHO,2016,80.68
REGION1,DEHO,2017,80.76
REGION1,DEHO,2018,80.85
REGION1,DEHO,2019,80.93
REGION1,DEHO,2020,81.01
REGION1,DEHO,2021,81.38
REGION1,DEHO,2022,81.75
REGION1,DEHO,2023,82.12
REGION1,DEHO,2024,82.49
REGION1,DEHO,2025,82.86
REGION1,DEHO,2026,83.43
REGION1,DEHO,2027,84.01
REGION1,DEHO,2028,84.59
REGION1,DEHO,2029,85.17
REGION1,DEHO,2030,85.75
REGION1,DEHO,2031,87.14
REGION1,DEHO,2032,88.53
REGION1,DEHO,2033,89.92
REGION1,DEHO,2034,91.31
REGION1,DEHO,2035,92.7
REGION1,DEHO,2036,93.87
REGION1,DEHO,2037,95.04
REGION1,DEHO,2038,96.21
REGION1,DEHO,2039,97.38
REGION1,DEHO,2040,98.56
REGION1,DEHO,2041,100
REGION1,DEHO,2042,101.44
REGION1,DEHO,2043,102.88
REGION1,DEHO,2044,104.32
REGION1,DEHO,2045,105.76
REGION1,DEHO,2046,106.69
REGION1,DEHO,2047,107.62
REGION1,DEHO,2048,108.55
REGION1,DEHO,2049,109.48
REGION1,DEHO,2050,110.41
REGION1,DEHO,2051,110.96
REGION1,DEHO,2052,111.51
REGION1,DEHO,2053,112.07
REGION1,DEHO,2054,112.63
REGION1,DEHO,2055,113.19
REGION1,DEHO,2056,113.76
REGION1,DEHO,2057,114.33
REGION1,DEHO,2058,114.9
REGION1,DEHO,2059,115.47
REGION1,DEHO,2060,116.05
REGION1,DESO,2015,139.41
REGION1,DESO,2016,137.15
REGION1,DESO,2017,141.84
REGION1,DESO,2018,156.45
REGION1,DESO,2019,159.78
REGION1,DESO,2020,178.19
REGION1,DESO,2021,177.62
REGION1,DESO,2022,203.54
REGION1,DESO,2023,253.66
REGION1,DESO,2024,305.31
REGION1,DESO,2025,358.62
REGION1,DESO,2026,411.94
REGION1,DESO,2027,465.26
REGION1,DESO,2028,518.57
REGION1,DESO,2029,571.89
REGION1,DESO,2030,635.87
REGION1,DESO,2031,699.85
REGION1,DESO,2032,763.83
REGION1,DESO,2033,827.81
REGION1,DESO,2034,891.79
REGION1,DESO,2035,955.77
REGION1,DESO,2036,1019.75
REGION1,DESO,2037,1083.73
REGION1,DESO,2038,1147.72
REGION1,DESO,2039,1211.7
REGION1,DESO,2040,1275.68
REGION1,DESO,2041,1339.66
REGION1,DESO,2042,1403.64
REGION1,DESO,2043,1467.62
REGION1,DESO,2044,1531.6
REGION1,DESO,2045,1595.58
REGION1,DESO,2046,1659.56
REGION1,DESO,2047,1723.54
REGION1,DESO,2048,1787.52
REGION1,DESO,2049,1851.5
REGION1,DESO,2050,1915.48
REGION1,DESO,2051,1915.48
REGION1,DESO,2052,1915.48
REGION1,DESO,2053,1915.48
REGION1,DESO,2054,1915.48
REGION1,DESO,2055,1915.48
REGION1,DESO,2056,1915.48
REGION1,DESO,2057,1915.48
REGION1,DESO,2058,1915.48
REGION1,DESO,2059,1915.48
REGION1,DESO,2060,1915.48
REGION1,DEWI,2015,853.2
REGION1,DEWI,2016,853.2
REGION1,DEWI,2017,853.2
REGION1,DEWI,2018,853.2
REGION1,DEWI,2019,853.2
REGION1,DEWI,2020,853.2
REGION1,DEWI,2021,853.2
REGION1,DEWI,2022,853.2
REGION1,DEWI,2023,853.2
REGION1,DEWI,2024,853.2
REGION1,DEWI,2025,853.2
REGION1,DEWI,2026,853.2
REGION1,DEWI,2027,853.2
REGION1,DEWI,2028,853.2
REGION1,DEWI,2029,853.2
REGION1,DEWI,2030,853.2
REGION1,DEWI,2031,853.2
REGION1,DEWI,2032,853.2
REGION1,DEWI,2033,853.2
REGION1,DEWI,2034,853.2
REGION1,DEWI,2035,853.2
REGION1,DEWI,2036,853.2
REGION1,DEWI,2037,853.2
REGION1,DEWI,2038,853.2
REGION1,DEWI,2039,853.2
REGION1,DEWI,2040,853.2
REGION1,DEWI,2041,853.2
REGION1,DEWI,2042,853.2
REGION1,DEWI,2043,853.2
REGION1,DEWI,2044,853.2
REGION1,DEWI,2045,853.2
REGION1,DEWI,2046,853.2
REGION1,DEWI,2047,853.2
REGION1,DEWI,2048,853.2
REGION1,DEWI,2049,853.2
REGION1,DEWI,2050,853.2
REGION1,DEWI,2051,853.2
REGION1,DEWI,2052,853.2
REGION1,DEWI,2053,853.2
REGION1,DEWI,2054,853.2
REGION1,DEWI,2055,853.2
REGION1,DEWI,2056,853.2
REGION1,DEWI,2057,853.2
REGION1,DEWI,2058,853.2
REGION1,DEWI,2059,853.2
REGION1,DEWI,2060,853.2
REGION1,DKHO,2015,0.08
REGION1,DKHO,2016,0.08
REGION1,DKHO,2017,0.08
REGION1,DKHO,2018,0.08
REGION1,DKHO,2019,0.08
REGION1,DKHO,2020,0.08
REGION1,DKHO,2021,0.08
REGION1,DKHO,2022,0.08
REGION1,DKHO,2023,0.08
REGION1,DKHO,2024,0.08
REGION1,DKHO,2025,0.08
REGION1,DKHO,2026,0.08
REGION1,DKHO,2027,0.08
REGION1,DKHO,2028,0.08
REGION1,DKHO,2029,0.08
REGION1,DKHO,2030,0.08
REGION1,DKHO,2031,0.08
REGION1,DKHO,2032,0.08
REGION1,DKHO,2033,0.08
REGION1,DKHO,2034,0.08
REGION1,DKHO,2035,0.08
REGION1,DKHO,2036,0.08
REGION1,DKHO,2037,0.08
REGION1,DKHO,2038,0.08
REGION1,DKHO,2039,0.08
REGION1,DKHO,2040,0.08
REGION1,DKHO,2041,0.08
REGION1,DKHO,2042,0.08
REGION1,DKHO,2043,0.08
REGION1,DKHO,2044,0.08
REGION1,DKHO,2045,0.08
REGION1,DKHO,2046,0.08
REGION1,DKHO,2047,0.08
REGION1,DKHO,2048,0.08
REGION1,DKHO,2049,0.08
REGION1,DKHO,2050,0.08
REGION1,DKHO,2051,0.08
REGION1,DKHO,2052,0.08
REGION1,DKHO,2053,0.08
REGION1,DKHO,2054,0.08
REGION1,DKHO,2055,0.08
REGION1,DKHO,2056,0.08
REGION1,DKHO,2057,0.08
REGION1,DKHO,2058,0.08
REGION1,DKHO,2059,0.08
REGION1,DKHO,2060,0.08
REGION1,DKWI,2015,626.4
REGION1,DKWI,2016,626.4
REGION1,DKWI,2017,626.4
REGION1,DKWI,2018,626.4
REGION1,DKWI,2019,626.4
REGION1,DKWI,2020,626.4
REGION1,DKWI,2021,626.4
REGION1,DKWI,2022,626.4
REGION1,DKWI,2023,626.4
REGION1,DKWI,2024,626.4
REGION1,DKWI,2025,626.4
REGION1,DKWI,2026,626.4
REGION1,DKWI,2027,626.4
REGION1,DKWI,2028,626.4
REGION1,DKWI,2029,626.4
REGION1,DKWI,2030,626.4
REGION1,DKWI,2031,626.4
REGION1,DKWI,2032,626.4
REGION1,DKWI,2033,626.4
REGION1,DKWI,2034,626.4
REGION1,DKWI,2035,626.4
REGION1,DKWI,2036,626.4
REGION1,DKWI,2037,626.4
REGION1,DKWI,2038,626.4
REGION1,DKWI,2039,626.4
REGION1,DKWI,2040,626.4
REGION1,DKWI,2041,626.4
REGION1,DKWI,2042,626.4
REGION1,DKWI,2043,626.4
REGION1,DKWI,2044,626.4
REGION1,DKWI,2045,626.4
REGION1,DKWI,2046,626.4
REGION1,DKWI,2047,626.4
REGION1,DKWI,2048,626.4
REGION1,DKWI,2049,626.4
REGION1,DKWI,2050,626.4
REGION1,DKWI,2051,626.4
REGION1,DKWI,2052,626.4
REGION1,DKWI,2053,626.4
REGION1,DKWI,2054,626.4
REGION1,DKWI,2055,626.4
REGION1,DKWI,2056,626.4
REGION1,DKWI,2057,626.4
REGION1,DKWI,2058,626.4
REGION1,DKWI,2059,626.4
REGION1,DKWI,2060,626.4
REGION1,EEHO,2015,0.13
REGION1,EEHO,2016,0.13
REGION1,EEHO,2017,0.13
REGION1,EEHO,2018,0.13
REGION1,EEHO,2019,0.13
REGION1,EEHO,2020,0.13
REGION1,EEHO,2021,0.13
REGION1,EEHO,2022,0.13
REGION1,EEHO,2023,0.13
REGION1,EEHO,2024,0.13
REGION1,EEHO,2025,0.13
REGION1,EEHO,2026,0.13
REGION1,EEHO,2027,0.13
REGION1,EEHO,2028,0.13
REGION1,EEHO,2029,0.13
REGION1,EEHO,2030,0.13
REGION1,EEHO,2031,0.16
REGION1,EEHO,2032,0.19
REGION1,EEHO,2033,0.23
REGION1,EEHO,2034,0.26
REGION1,EEHO,2035,0.29
REGION1,EEHO,2036,0.3
REGION1,EEHO,2037,0.31
REGION1,EEHO,2038,0.32
REGION1,EEHO,2039,0.33
REGION1,EEHO,2040,0.33
REGION1,EEHO,2041,0.33
REGION1,EEHO,2042,0.33
REGION1,EEHO,2043,0.33
REGION1,EEHO,2044,0.33
REGION1,EEHO,2045,0.33
REGION1,EEHO,2046,0.33
REGION1,EEHO,2047,0.32
REGION1,EEHO,2048,0.31
REGION1,EEHO,2049,0.3
REGION1,EEHO,2050,0.29
REGION1,EEHO,2051,0.29
REGION1,EEHO,2052,0.28
REGION1,EEHO,2053,0.28
REGION1,EEHO,2054,0.27
REGION1,EEHO,2055,0.26
REGION1,EEHO,2056,0.26
REGION1,EEHO,2057,0.25
REGION1,EEHO,2058,0.25
REGION1,EEHO,2059,0.24
REGION1,EEHO,2060,0.24
REGION1,EEWI,2015,230.4
REGION1,EEWI,2016,230.4
REGION1,EEWI,2017,230.4
REGION1,EEWI,2018,230.4
REGION1,EEWI,2019,230.4
REGION1,EEWI,2020,230.4
REGION1,EEWI,2021,230.4
REGION1,EEWI,2022,230.4
REGION1,EEWI,2023,230.4
REGION1,EEWI,2024,230.4
REGION1,EEWI,2025,230.4
REGION1,EEWI,2026,230.4
REGION1,EEWI,2027,230.4
REGION1,EEWI,2028,230.4
REGION1,EEWI,2029,230.4
REGION1,EEWI,2030,230.4
REGION1,EEWI,2031,230.4
REGION1,EEWI,2032,230.4
REGION1,EEWI,2033,230.4
REGION1,EEWI,2034,230.4
REGION1,EEWI,2035,230.4
REGION1,EEWI,2036,230.4
REGION1,EEWI,2037,230.4
REGION1,EEWI,2038,230.4
REGION1,EEWI,2039,230.4
REGION1,EEWI,2040,230.4
REGION1,EEWI,2041,230.4
REGION1,EEWI,2042,230.4
REGION1,EEWI,2043,230.4
REGION1,EEWI,2044,230.4
REGION1,EEWI,2045,230.4
REGION1,EEWI,2046,230.4
REGION1,EEWI,2047,230.4
REGION1,EEWI,2048,230.4
REGION1,EEWI,2049,230.4
REGION1,EEWI,2050,230.4
REGION1,EEWI,2051,230.4
REGION1,EEWI,2052,230.4
REGION1,EEWI,2053,230.4
REGION1,EEWI,2054,230.4
REGION1,EEWI,2055,230.4
REGION1,EEWI,2056,230.4
REGION1,EEWI,2057,230.4
REGION1,EEWI,2058,230.4
REGION1,EEWI,2059,230.4
REGION1,EEWI,2060,230.4
REGION1,FIHO,2015,56.52
REGION1,FIHO,2016,55.39
REGION1,FIHO,2017,54.26
REGION1,FIHO,2018,53.13
REGION1,FIHO,2019,52
REGION1,FIHO,2020,50.87
REGION1,FIHO,2021,51.31
REGION1,FIHO,2022,51.74
REGION1,FIHO,2023,52.18
REGION1,FIHO,2024,52.61
REGION1,FIHO,2025,53.05
REGION1,FIHO,2026,53.33
REGION1,FIHO,2027,53.62
REGION1,FIHO,2028,53.9
REGION1,FIHO,2029,54.19
REGION1,FIHO,2030,54.47
REGION1,FIHO,2031,54.82
REGION1,FIHO,2032,55.17
REGION1,FIHO,2033,55.53
REGION1,FIHO,2034,55.88
REGION1,FIHO,2035,56.23
REGION1,FIHO,2036,56.3
REGION1,FIHO,2037,56.36
REGION1,FIHO,2038,56.43
REGION1,FIHO,2039,56.5
REGION1,FIHO,2040,56.56
REGION1,FIHO,2041,56.56
REGION1,FIHO,2042,56.56
REGION1,FIHO,2043,56.56
REGION1,FIHO,2044,56.56
REGION1,FIHO,2045,56.56
REGION1,FIHO,2046,57.06
REGION1,FIHO,2047,57.55
REGION1,FIHO,2048,58.05
REGION1,FIHO,2049,58.54
REGION1,FIHO,2050,59.03
REGION1,FIHO,2051,59.33
REGION1,FIHO,2052,59.63
REGION1,FIHO,2053,59.92
REGION1,FIHO,2054,60.22
REGION1,FIHO,2055,60.52
REGION1,FIHO,2056,60.83
REGION1,FIHO,2057,61.13
REGION1,FIHO,2058,61.44
REGION1,FIHO,2059,61.74
REGION1,FIHO,2060,62.05
REGION1,FIWI,2015,259.2
REGION1,FIWI,2016,259.2
REGION1,FIWI,2017,259.2
REGION1,FIWI,2018,259.2
REGION1,FIWI,2019,259.2
REGION1,FIWI,2020,259.2
REGION1,FIWI,2021,259.2
REGION1,FIWI,2022,259.2
REGION1,FIWI,2023,259.2
REGION1,FIWI,2024,259.2
REGION1,FIWI,2025,259.2
REGION1,FIWI,2026,259.2
REGION1,FIWI,2027,259.2
REGION1,FIWI,2028,259.2
REGION1,FIWI,2029,259.2
REGION1,FIWI,2030,259.2
REGION1,FIWI,2031,259.2
REGION1,FIWI,2032,259.2
REGION1,FIWI,2033,259.2
REGION1,FIWI,2034,259.2
REGION1,FIWI,2035,259.2
REGION1,FIWI,2036,259.2
REGION1,FIWI,2037,259.2
REGION1,FIWI,2038,259.2
REGION1,FIWI,2039,259.2
REGION1,FIWI,2040,259.2
REGION1,FIWI,2041,259.2
REGION1,FIWI,2042,259.2
REGION1,FIWI,2043,259.2
REGION1,FIWI,2044,259.2
REGION1,FIWI,2045,259.2
REGION1,FIWI,2046,259.2
REGION1,FIWI,2047,259.2
REGION1,FIWI,2048,259.2
REGION1,FIWI,2049,259.2
REGION1,FIWI,2050,259.2
REGION1,FIWI,2051,259.2
REGION1,FIWI,2052,259.2
REGION1,FIWI,2053,259.2
REGION1,FIWI,2054,259.2
REGION1,FIWI,2055,259.2
REGION1,FIWI,2056,259.2
REGION1,FIWI,2057,259.2
REGION1,FIWI,2058,259.2
REGION1,FIWI,2059,259.2
REGION1,FIWI,2060,259.2
REGION1,FRHO,2015,229.27
REGION1,FRHO,2016,231.59
REGION1,FRHO,2017,233.91
REGION1,FRHO,2018,236.23
REGION1,FRHO,2019,238.55
REGION1,FRHO,2020,240.87
REGION1,FRHO,2021,238.87
REGION1,FRHO,2022,236.88
REGION1,FRHO,2023,234.89
REGION1,FRHO,2024,232.89
REGION1,FRHO,2025,230.9
REGION1,FRHO,2026,230.91
REGION1,FRHO,2027,230.92
REGION1,FRHO,2028,230.93
REGION1,FRHO,2029,230.94
REGION1,FRHO,2030,230.94
REGION1,FRHO,2031,231.94
REGION1,FRHO,2032,232.94
REGION1,FRHO,2033,233.93
REGION1,FRHO,2034,234.93
REGION1,FRHO,2035,235.93
REGION1,FRHO,2036,238.79
REGION1,FRHO,2037,241.65
REGION1,FRHO,2038,244.52
REGION1,FRHO,2039,247.38
REGION1,FRHO,2040,250.25
REGION1,FRHO,2041,253.18
REGION1,FRHO,2042,256.11
REGION1,FRHO,2043,259.04
REGION1,FRHO,2044,261.97
REGION1,FRHO,2045,264.9
REGION1,FRHO,2046,267.96
REGION1,FRHO,2047,271.01
REGION1,FRHO,2048,274.07
REGION1,FRHO,2049,277.12
REGION1,FRHO,2050,280.18
REGION1,FRHO,2051,282.98
REGION1,FRHO,2052,285.81
REGION1,FRHO,2053,288.67
REGION1,FRHO,2054,291.56
REGION1,FRHO,2055,294.47
REGION1,FRHO,2056,297.42
REGION1,FRHO,2057,300.39
REGION1,FRHO,2058,303.4
REGION1,FRHO,2059,306.43
REGION1,FRHO,2060,309.49
REGION1,FRSO,2015,27.91
REGION1,FRSO,2016,31.18
REGION1,FRSO,2017,34.51
REGION1,FRSO,2018,39.33
REGION1,FRSO,2019,44.39
REGION1,FRSO,2020,48.45
REGION1,FRSO,2021,56.64
REGION1,FRSO,2022,67.31
REGION1,FRSO,2023,79.63
REGION1,FRSO,2024,99.9
REGION1,FRSO,2025,120.43
REGION1,FRSO,2026,140.97
REGION1,FRSO,2027,161.5
REGION1,FRSO,2028,182.03
REGION1,FRSO,2029,202.57
REGION1,FRSO,2030,227.21
REGION1,FRSO,2031,251.85
REGION1,FRSO,2032,276.49
REGION1,FRSO,2033,301.14
REGION1,FRSO,2034,325.78
REGION1,FRSO,2035,350.42
REGION1,FRSO,2036,375.06
REGION1,FRSO,2037,399.7
REGION1,FRSO,2038,424.34
REGION1,FRSO,2039,448.99
REGION1,FRSO,2040,473.63
REGION1,FRSO,2041,498.27
REGION1,FRSO,2042,522.91
REGION1,FRSO,2043,547.55
REGION1,FRSO,2044,572.2
REGION1,FRSO,2045,596.84
REGION1,FRSO,2046,621.48
REGION1,FRSO,2047,646.12
REGION1,FRSO,2048,670.76
REGION1,FRSO,2049,695.4
REGION1,FRSO,2050,720.05
REGION1,FRSO,2051,720.05
REGION1,FRSO,2052,720.05
REGION1,FRSO,2053,720.05
REGION1,FRSO,2054,720.05
REGION1,FRSO,2055,720.05
REGION1,FRSO,2056,720.05
REGION1,FRSO,2057,720.05
REGION1,FRSO,2058,720.05
REGION1,FRSO,2059,720.05
REGION1,FRSO,2060,720.05
REGION1,FRWI,2015,6980.4
REGION1,FRWI,2016,6980.4
REGION1,FRWI,2017,6980.4
REGION1,FRWI,2018,6980.4
REGION1,FRWI,2019,6980.4
REGION1,FRWI,2020,6980.4
REGION1,FRWI,2021,6980.4
REGION1,FRWI,2022,6980.4
REGION1,FRWI,2023,6980.4
REGION1,FRWI,2024,6980.4
REGION1,FRWI,2025,6980.4
REGION1,FRWI,2026,6980.4
REGION1,FRWI,2027,6980.4
REGION1,FRWI,2028,6980.4
REGION1,FRWI,2029,6980.4
REGION1,FRWI,2030,6980.4
REGION1,FRWI,2031,6980.4
REGION1,FRWI,2032,6980.4
REGION1,FRWI,2033,6980.4
REGION1,FRWI,2034,6980.4
REGION1,FRWI,2035,6980.4
REGION1,FRWI,2036,6980.4
REGION1,FRWI,2037,6980.4
REGION1,FRWI,2038,6980.4
REGION1,FRWI,2039,6980.4
REGION1,FRWI,2040,6980.4
REGION1,FRWI,2041,6980.4
REGION1,FRWI,2042,6980.4
REGION1,FRWI,2043,6980.4
REGION1,FRWI,2044,6980.4
REGION1,FRWI,2045,6980.4
REGION1,FRWI,2046,6980.4
REGION1,FRWI,2047,6980.4
REGION1,FRWI,2048,6980.4
REGION1,FRWI,2049,6980.4
REGION1,FRWI,2050,6980.4
REGION1,FRWI,2051,6980.4
REGION1,FRWI,2052,6980.4
REGION1,FRWI,2053,6980.4
REGION1,FRWI,2054,6980.4
REGION1,FRWI,2055,6980.4
REGION1,FRWI,2056,6980.4
REGION1,FRWI,2057,6980.4
REGION1,FRWI,2058,6980.4
REGION1,FRWI,2059,6980.4
REGION1,FRWI,2060,6980.4
REGION1,LTHO,2015,1.59
REGION1,LTHO,2016,1.59
REGION1,LTHO,2017,1.59
REGION1,LTHO,2018,1.59
REGION1,LTHO,2019,1.59
REGION1,LTHO,2020,1.59
REGION1,LTHO,2021,1.59
REGION1,LTHO,2022,1.59
REGION1,LTHO,2023,1.59
REGION1,LTHO,2024,1.59
REGION1,LTHO,2025,1.59
REGION1,LTHO,2026,1.59
REGION1,LTHO,2027,1.59
REGION1,LTHO,2028,1.59
REGION1,LTHO,2029,1.59
REGION1,LTHO,2030,1.59
REGION1,LTHO,2031,1.59
REGION1,LTHO,2032,1.59
REGION1,LTHO,2033,1.59
REGION1,LTHO,2034,1.59
REGION1,LTHO,2035,1.59
REGION1,LTHO,2036,1.62
REGION1,LTHO,2037,1.66
REGION1,LTHO,2038,1.69
REGION1,LTHO,2039,1.72
REGION1,LTHO,2040,1.76
REGION1,LTHO,2041,1.82
REGION1,LTHO,2042,1.88
REGION1,LTHO,2043,1.93
REGION1,LTHO,2044,1.99
REGION1,LTHO,2045,2.05
REGION1,LTHO,2046,2.42
REGION1,LTHO,2047,2.79
REGION1,LTHO,2048,3.16
REGION1,LTHO,2049,3.53
REGION1,LTHO,2050,3.89
REGION1,LTHO,2051,3.97
REGION1,LTHO,2052,4.05
REGION1,LTHO,2053,4.13
REGION1,LTHO,2054,4.21
REGION1,LTHO,2055,4.3
REGION1,LTHO,2056,4.38
REGION1,LTHO,2057,4.47
REGION1,LTHO,2058,4.56
REGION1,LTHO,2059,4.65
REGION1,LTHO,2060,4.75
REGION1,LTWI,2015,1162.8
REGION1,LTWI,2016,1162.8
REGION1,LTWI,2017,1162.8
REGION1,LTWI,2018,1162.8
REGION1,LTWI,2019,1162.8
REGION1,LTWI,2020,1162.8
REGION1,LTWI,2021,1162.8
REGION1,LTWI,2022,1162.8
REGION1,LTWI,2023,1162.8
REGION1,LTWI,2024,1162.8
REGION1,LTWI,2025,1162.8
REGION1,LTWI,2026,1162.8
REGION1,LTWI,2027,1162.8
REGION1,LTWI,2028,1162.8
REGION1,LTWI,2029,1162.8
REGION1,LTWI,2030,1162.8
REGION1,LTWI,2031,1162.8
REGION1,LTWI,2032,1162.8
REGION1,LTWI,2033,1162.8
REGION1,LTWI,2034,1162.8
REGION1,LTWI,2035,1162.8
REGION1,LTWI,2036,1162.8
REGION1,LTWI,2037,1162.8
REGION1,LTWI,2038,1162.8
REGION1,LTWI,2039,1162.8
REGION1,LTWI,2040,1162.8
REGION1,LTWI,2041,1162.8
REGION1,LTWI,2042,1162.8
REGION1,LTWI,2043,1162.8
REGION1,LTWI,2044,1162.8
REGION1,LTWI,2045,1162.8
REGION1,LTWI,2046,1162.8
REGION1,LTWI,2047,1162.8
REGION1,LTWI,2048,1162.8
REGION1,LTWI,2049,1162.8
REGION1,LTWI,2050,1162.8
REGION1,LTWI,2051,1162.8
REGION1,LTWI,2052,1162.8
REGION1,LTWI,2053,1162.8
REGION1,LTWI,2054,1162.8
REGION1,LTWI,2055,1162.8
REGION1,LTWI,2056,1162.8
REGION1,LTWI,2057,1162.8
REGION1,LTWI,2058,1162.8
REGION1,LTWI,2059,1162.8
REGION1,LTWI,2060,1162.8
REGION1,LUHO,2015,5.51
REGION1,LUHO,2016,6
REGION1,LUHO,2017,6.49
REGION1,LUHO,2018,6.98
REGION1,LUHO,2019,7.47
REGION1,LUHO,2020,7.96
REGION1,LUHO,2021,7.96
REGION1,LUHO,2022,7.96
REGION1,LUHO,2023,7.96
REGION1,LUHO,2024,7.96
REGION1,LUHO,2025,7.96
REGION1,LUHO,2026,7.96
REGION1,LUHO,2027,7.96
REGION1,LUHO,2028,7.96
REGION1,LUHO,2029,7.96
REGION1,LUHO,2030,7.96
REGION1,LUHO,2031,7.96
REGION1,LUHO,2032,7.96
REGION1,LUHO,2033,7.96
REGION1,LUHO,2034,7.96
REGION1,LUHO,2035,7.96
REGION1,LUHO,2036,7.96
REGION1,LUHO,2037,7.96
REGION1,LUHO,2038,7.96
REGION1,LUHO,2039,7.96
REGION1,LUHO,2040,7.96
REGION1,LUHO,2041,7.96
REGION1,LUHO,2042,7.96
REGION1,LUHO,2043,7.96
REGION1,LUHO,2044,7.96
REGION1,LUHO,2045,7.96
REGION1,LUHO,2046,8.08
REGION1,LUHO,2047,8.2
REGION1,LUHO,2048,8.32
REGION1,LUHO,2049,8.45
REGION1,LUHO,2050,8.57
REGION1,LUHO,2051,8.61
REGION1,LUHO,2052,8.65
REGION1,LUHO,2053,8.7
REGION1,LUHO,2054,8.74
REGION1,LUHO,2055,8.78
REGION1,LUHO,2056,8.83
REGION1,LUHO,2057,8.87
REGION1,LUHO,2058,8.92
REGION1,LUHO,2059,8.96
REGION1,LUHO,2060,9.01
REGION1,LUSO,2015,0.37
REGION1,LUSO,2016,0.36
REGION1,LUSO,2017,0.39
REGION1,LUSO,2018,0.43
REGION1,LUSO,2019,0.47
REGION1,LUSO,2020,0.58
REGION1,LUSO,2021,0.65
REGION1,LUSO,2022,0.79
REGION1,LUSO,2023,0.79
REGION1,LUSO,2024,2.35
REGION1,LUSO,2025,3.99
REGION1,LUSO,2026,5.62
REGION1,LUSO,2027,7.26
REGION1,LUSO,2028,8.89
REGION1,LUSO,2029,10.53
REGION1,LUSO,2030,12.17
REGION1,LUSO,2031,13.8
REGION1,LUSO,2032,15.44
REGION1,LUSO,2033,17.07
REGION1,LUSO,2034,18.71
REGION1,LUSO,2035,20.35
REGION1,LUSO,2036,21.98
REGION1,LUSO,2037,23.62
REGION1,LUSO,2038,25.25
REGION1,LUSO,2039,26.89
REGION1,LUSO,2040,28.53
REGION1,LUSO,2041,30.16
REGION1,LUSO,2042,31.8
REGION1,LUSO,2043,33.43
REGION1,LUSO,2044,35.07
REGION1,LUSO,2045,36.71
REGION1,LUSO,2046,38.34
REGION1,LUSO,2047,39.98
REGION1,LUSO,2048,41.61
REGION1,LUSO,2049,43.25
REGION1,LUSO,2050,44.89
REGION1,LUSO,2051,44.89
REGION1,LUSO,2052,44.89
REGION1,LUSO,2053,44.89
REGION1,LUSO,2054,44.89
REGION1,LUSO,2055,44.89
REGION1,LUSO,2056,44.89
REGION1,LUSO,2057,44.89
REGION1,LUSO,2058,44.89
REGION1,LUSO,2059,44.89
REGION1,LUSO,2060,44.89
REGION1,LUWI,2015,0.29
REGION1,LUWI,2016,0.59
REGION1,LUWI,2017,0.9
REGION1,LUWI,2018,1.2
REGION1,LUWI,2019,1.5
REGION1,LUWI,2020,1.8
REGION1,LUWI,2021,1.79
REGION1,LUWI,2022,1.78
REGION1,LUWI,2023,1.78
REGION1,LUWI,2024,1.77
REGION1,LUWI,2025,1.76
REGION1,LUWI,2026,1.78
REGION1,LUWI,2027,1.79
REGION1,LUWI,2028,1.81
REGION1,LUWI,2029,1.83
REGION1,LUWI,2030,1.84
REGION1,LUWI,2031,1.84
REGION1,LUWI,2032,1.84
REGION1,LUWI,2033,1.84
REGION1,LUWI,2034,1.84
REGION1,LUWI,2035,1.84
REGION1,LUWI,2036,1.85
REGION1,LUWI,2037,1.86
REGION1,LUWI,2038,1.87
REGION1,LUWI,2039,1.88
REGION1,LUWI,2040,1.88
REGION1,LUWI,2041,1.98
REGION1,LUWI,2042,2.09
REGION1,LUWI,2043,2.19
REGION1,LUWI,2044,2.29
REGION1,LUWI,2045,2.39
REGION1,LUWI,2046,2.62
REGION1,LUWI,2047,2.86
REGION1,LUWI,2048,3.09
REGION1,LUWI,2049,3.32
REGION1,LUWI,2050,3.56
REGION1,LUWI,2051,3.74
REGION1,LUWI,2052,3.92
REGION1,LUWI,2053,4.12
REGION1,LUWI,2054,4.33
REGION1,LUWI,2055,4.54
REGION1,LUWI,2056,4.77
REGION1,LUWI,2057,5.01
REGION1,LUWI,2058,5.26
REGION1,LUWI,2059,5.52
REGION1,LUWI,2060,5.8
REGION1,LVHO,2015,8.94
REGION1,LVHO,2016,9.11
REGION1,LVHO,2017,9.28
REGION1,LVHO,2018,9.45
REGION1,LVHO,2019,9.63
REGION1,LVHO,2020,9.8
REGION1,LVHO,2021,9.8
REGION1,LVHO,2022,9.8
REGION1,LVHO,2023,9.8
REGION1,LVHO,2024,9.8
REGION1,LVHO,2025,9.8
REGION1,LVHO,2026,9.8
REGION1,LVHO,2027,9.8
REGION1,LVHO,2028,9.8
REGION1,LVHO,2029,9.8
REGION1,LVHO,2030,9.8
REGION1,LVHO,2031,9.8
REGION1,LVHO,2032,9.8
REGION1,LVHO,2033,9.8
REGION1,LVHO,2034,9.8
REGION1,LVHO,2035,9.8
REGION1,LVHO,2036,9.83
REGION1,LVHO,2037,9.86
REGION1,LVHO,2038,9.89
REGION1,LVHO,2039,9.92
REGION1,LVHO,2040,9.94
REGION1,LVHO,2041,9.95
REGION1,LVHO,2042,9.96
REGION1,LVHO,2043,9.97
REGION1,LVHO,2044,9.97
REGION1,LVHO,2045,9.98
REGION1,LVHO,2046,10.04
REGION1,LVHO,2047,10.11
REGION1,LVHO,2048,10.17
REGION1,LVHO,2049,10.24
REGION1,LVHO,2050,10.3
REGION1,LVHO,2051,10.31
REGION1,LVHO,2052,10.32
REGION1,LVHO,2053,10.34
REGION1,LVHO,2054,10.35
REGION1,LVHO,2055,10.36
REGION1,LVHO,2056,10.37
REGION1,LVHO,2057,10.38
REGION1,LVHO,2058,10.39
REGION1,LVHO,2059,10.4
REGION1,LVHO,2060,10.41
REGION1,LVWI,2015,694.8
REGION1,LVWI,2016,694.8
REGION1,LVWI,2017,694.8
REGION1,LVWI,2018,694.8
REGION1,LVWI,2019,694.8
REGION1,LVWI,2020,694.8
REGION1,LVWI,2021,694.8
REGION1,LVWI,2022,694.8
REGION1,LVWI,2023,694.8
REGION1,LVWI,2024,694.8
REGION1,LVWI,2025,694.8
REGION1,LVWI,2026,694.8
REGION1,LVWI,2027,694.8
REGION1,LVWI,2028,694.8
REGION1,LVWI,2029,694.8
REGION1,LVWI,2030,694.8
REGION1,LVWI,2031,694.8
REGION1,LVWI,2032,694.8
REGION1,LVWI,2033,694.8
REGION1,LVWI,2034,694.8
REGION1,LVWI,2035,694.8
REGION1,LVWI,2036,694.8
REGION1,LVWI,2037,694.8
REGION1,LVWI,2038,694.8
REGION1,LVWI,2039,694.8
REGION1,LVWI,2040,694.8
REGION1,LVWI,2041,694.8
REGION1,LVWI,2042,694.8
REGION1,LVWI,2043,694.8
REGION1,LVWI,2044,694.8
REGION1,LVWI,2045,694.8
REGION1,LVWI,2046,694.8
REGION1,LVWI,2047,694.8
REGION1,LVWI,2048,694.8
REGION1,LVWI,2049,694.8
REGION1,LVWI,2050,694.8
REGION1,LVWI,2051,694.8
REGION1,LVWI,2052,694.8
REGION1,LVWI,2053,694.8
REGION1,LVWI,2054,694.8
REGION1,LVWI,2055,694.8
REGION1,LVWI,2056,694.8
REGION1,LVWI,2057,694.8
REGION1,LVWI,2058,694.8
REGION1,LVWI,2059,694.8
REGION1,LVWI,2060,694.8
REGION1,NLHO,2015,0.38
REGION1,NLHO,2016,0.38
REGION1,NLHO,2017,0.38
REGION1,NLHO,2018,0.38
REGION1,NLHO,2019,0.38
REGION1,NLHO,2020,0.38
REGION1,NLHO,2021,0.38
REGION1,NLHO,2022,0.38
REGION1,NLHO,2023,0.38
REGION1,NLHO,2024,0.38
REGION1,NLHO,2025,0.38
REGION1,NLHO,2026,0.38
REGION1,NLHO,2027,0.38
REGION1,NLHO,2028,0.38
REGION1,NLHO,2029,0.38
REGION1,NLHO,2030,0.38
REGION1,NLHO,2031,0.38
REGION1,NLHO,2032,0.38
REGION1,NLHO,2033,0.38
REGION1,NLHO,2034,0.38
REGION1,NLHO,2035,0.38
REGION1,NLHO,2036,0.38
REGION1,NLHO,2037,0.38
REGION1,NLHO,2038,0.38
REGION1,NLHO,2039,0.38
REGION1,NLHO,2040,0.38
REGION1,NLHO,2041,0.38
REGION1,NLHO,2042,0.38
REGION1,NLHO,2043,0.38
REGION1,NLHO,2044,0.38
REGION1,NLHO,2045,0.38
REGION1,NLHO,2046,0.38
REGION1,NLHO,2047,0.38
REGION1,NLHO,2048,0.38
REGION1,NLHO,2049,0.38
REGION1,NLHO,2050,0.38
REGION1,NLHO,2051,0.38
REGION1,NLHO,2052,0.38
REGION1,NLHO,2053,0.38
REGION1,NLHO,2054,0.38
REGION1,NLHO,2055,0.38
REGION1,NLHO,2056,0.38
REGION1,NLHO,2057,0.38
REGION1,NLHO,2058,0.38
REGION1,NLHO,2059,0.38
REGION1,NLHO,2060,0.38
REGION1,NLWI,2015,478.8
REGION1,NLWI,2016,478.8
REGION1,NLWI,2017,478.8
REGION1,NLWI,2018,478.8
REGION1,NLWI,2019,478.8
REGION1,NLWI,2020,478.8
REGION1,NLWI,2021,478.8
REGION1,NLWI,2022,478.8
REGION1,NLWI,2023,478.8
REGION1,NLWI,2024,478.8
REGION1,NLWI,2025,478.8
REGION1,NLWI,2026,478.8
REGION1,NLWI,2027,478.8
REGION1,NLWI,2028,478.8
REGION1,NLWI,2029,478.8
REGION1,NLWI,2030,478.8
REGION1,NLWI,2031,478.8
REGION1,NLWI,2032,478.8
REGION1,NLWI,2033,478.8
REGION1,NLWI,2034,478.8
REGION1,NLWI,2035,478.8
REGION1,NLWI,2036,478.8
REGION1,NLWI,2037,478.8
REGION1,NLWI,2038,478.8
REGION1,NLWI,2039,478.8
REGION1,NLWI,2040,478.8
REGION1,NLWI,2041,478.8
REGION1,NLWI,2042,478.8
REGION1,NLWI,2043,478.8
REGION1,NLWI,2044,478.8
REGION1,NLWI,2045,478.8
REGION1,NLWI,2046,478.8
REGION1,NLWI,2047,478.8
REGION1,NLWI,2048,478.8
REGION1,NLWI,2049,478.8
REGION1,NLWI,2050,478.8
REGION1,NLWI,2051,478.8
REGION1,NLWI,2052,478.8
REGION1,NLWI,2053,478.8
REGION1,NLWI,2054,478.8
REGION1,NLWI,2055,478.8
REGION1,NLWI,2056,478.8
REGION1,NLWI,2057,478.8
REGION1,NLWI,2058,478.8
REGION1,NLWI,2059,478.8
REGION1,NLWI,2060,478.8
REGION1,NOHO,2015,613.08
REGION1,NOHO,2016,613.08
REGION1,NOHO,2017,613.08
REGION1,NOHO,2018,613.08
REGION1,NOHO,2019,613.08
REGION1,NOHO,2020,613.08
REGION1,NOHO,2021,613.08
REGION1,NOHO,2022,613.08
REGION1,NOHO,2023,613.08
REGION1,NOHO,2024,613.08
REGION1,NOHO,2025,613.08
REGION1,NOHO,2026,613.08
REGION1,NOHO,2027,613.08
REGION1,NOHO,2028,613.08
REGION1,NOHO,2029,613.08
REGION1,NOHO,2030,613.08
REGION1,NOHO,2031,613.08
REGION1,NOHO,2032,613.08
REGION1,NOHO,2033,613.08
REGION1,NOHO,2034,613.08
REGION1,NOHO,2035,613.08
REGION1,NOHO,2036,613.08
REGION1,NOHO,2037,613.08
REGION1,NOHO,2038,613.08
REGION1,NOHO,2039,613.08
REGION1,NOHO,2040,613.08
REGION1,NOHO,2041,613.08
REGION1,NOHO,2042,613.08
REGION1,NOHO,2043,613.08
REGION1,NOHO,2044,613.08
REGION1,NOHO,2045,613.08
REGION1,NOHO,2046,613.08
REGION1,NOHO,2047,613.08
REGION1,NOHO,2048,613.08
REGION1,NOHO,2049,613.08
REGION1,NOHO,2050,613.08
REGION1,NOHO,2051,613.08
REGION1,NOHO,2052,613.08
REGION1,NOHO,2053,613.08
REGION1,NOHO,2054,613.08
REGION1,NOHO,2055,613.08
REGION1,NOHO,2056,613.08
REGION1,NOHO,2057,613.08
REGION1,NOHO,2058,613.08
REGION1,NOHO,2059,613.08
REGION1,NOHO,2060,613.08
REGION1,PLHO,2015,8.62
REGION1,PLHO,2016,8.65
REGION1,PLHO,2017,8.68
REGION1,PLHO,2018,8.7
REGION1,PLHO,2019,8.73
REGION1,PLHO,2020,8.75
REGION1,PLHO,2021,8.84
REGION1,PLHO,2022,8.93
REGION1,PLHO,2023,9.03
REGION1,PLHO,2024,9.12
REGION1,PLHO,2025,9.21
REGION1,PLHO,2026,9.36
REGION1,PLHO,2027,9.51
REGION1,PLHO,2028,9.66
REGION1,PLHO,2029,9.81
REGION1,PLHO,2030,9.96
REGION1,PLHO,2031,9.96
REGION1,PLHO,2032,9.96
REGION1,PLHO,2033,9.96
REGION1,PLHO,2034,9.96
REGION1,PLHO,2035,9.96
REGION1,PLHO,2036,10.31
REGION1,PLHO,2037,10.65
REGION1,PLHO,2038,10.99
REGION1,PLHO,2039,11.34
REGION1,PLHO,2040,11.68
REGION1,PLHO,2041,12.24
REGION1,PLHO,2042,12.8
REGION1,PLHO,2043,13.36
REGION1,PLHO,2044,13.93
REGION1,PLHO,2045,14.49
REGION1,PLHO,2046,14.76
REGION1,PLHO,2047,15.04
REGION1,PLHO,2048,15.32
REGION1,PLHO,2049,15.59
REGION1,PLHO,2050,15.87
REGION1,PLHO,2051,16.03
REGION1,PLHO,2052,16.19
REGION1,PLHO,2053,16.35
REGION1,PLHO,2054,16.51
REGION1,PLHO,2055,16.68
REGION1,PLHO,2056,16.81
REGION1,PLHO,2057,16.95
REGION1,PLHO,2058,17.08
REGION1,PLHO,2059,17.22
REGION1,PLHO,2060,17.36
REGION1,PLWI,2015,867.6
REGION1,PLWI,2016,867.6
REGION1,PLWI,2017,867.6
REGION1,PLWI,2018,867.6
REGION1,PLWI,2019,867.6
REGION1,PLWI,2020,867.6
REGION1,PLWI,2021,867.6
REGION1,PLWI,2022,867.6
REGION1,PLWI,2023,867.6
REGION1,PLWI,2024,867.6
REGION1,PLWI,2025,867.6
REGION1,PLWI,2026,867.6
REGION1,PLWI,2027,867.6
REGION1,PLWI,2028,867.6
REGION1,PLWI,2029,867.6
REGION1,PLWI,2030,867.6
REGION1,PLWI,2031,867.6
REGION1,PLWI,2032,867.6
REGION1,PLWI,2033,867.6
REGION1,PLWI,2034,867.6
REGION1,PLWI,2035,867.6
REGION1,PLWI,2036,867.6
REGION1,PLWI,2037,867.6
REGION1,PLWI,2038,867.6
REGION1,PLWI,2039,867.6
REGION1,PLWI,2040,867.6
REGION1,PLWI,2041,867.6
REGION1,PLWI,2042,867.6
REGION1,PLWI,2043,867.6
REGION1,PLWI,2044,867.6
REGION1,PLWI,2045,867.6
REGION1,PLWI,2046,867.6
REGION1,PLWI,2047,867.6
REGION1,PLWI,2048,867.6
REGION1,PLWI,2049,867.6
REGION1,PLWI,2050,867.6
REGION1,PLWI,2051,867.6
REGION1,PLWI,2052,867.6
REGION1,PLWI,2053,867.6
REGION1,PLWI,2054,867.6
REGION1,PLWI,2055,867.6
REGION1,PLWI,2056,867.6
REGION1,PLWI,2057,867.6
REGION1,PLWI,2058,867.6
REGION1,PLWI,2059,867.6
REGION1,PLWI,2060,867.6
REGION1,SEHO,2015,259.71
REGION1,SEHO,2016,258.45
REGION1,SEHO,2017,257.2
REGION1,SEHO,2018,255.94
REGION1,SEHO,2019,254.68
REGION1,SEHO,2020,253.43
REGION1,SEHO,2021,253.03
REGION1,SEHO,2022,252.64
REGION1,SEHO,2023,252.25
REGION1,SEHO,2024,251.85
REGION1,SEHO,2025,251.46
REGION1,SEHO,2026,251.43
REGION1,SEHO,2027,251.41
REGION1,SEHO,2028,251.38
REGION1,SEHO,2029,251.36
REGION1,SEHO,2030,251.33
REGION1,SEHO,2031,252.41
REGION1,SEHO,2032,253.48
REGION1,SEHO,2033,254.55
REGION1,SEHO,2034,255.62
REGION1,SEHO,2035,256.69
REGION1,SEHO,2036,256.68
REGION1,SEHO,2037,256.68
REGION1,SEHO,2038,256.67
REGION1,SEHO,2039,256.66
REGION1,SEHO,2040,256.65
REGION1,SEHO,2041,258.23
REGION1,SEHO,2042,259.82
REGION1,SEHO,2043,261.4
REGION1,SEHO,2044,262.98
REGION1,SEHO,2045,264.56
REGION1,SEHO,2046,266.15
REGION1,SEHO,2047,267.75
REGION1,SEHO,2048,269.34
REGION1,SEHO,2049,270.93
REGION1,SEHO,2050,272.52
REGION1,SEHO,2051,273.88
REGION1,SEHO,2052,275.25
REGION1,SEHO,2053,276.63
REGION1,SEHO,2054,278.01
REGION1,SEHO,2055,279.4
REGION1,SEHO,2056,280.52
REGION1,SEHO,2057,281.64
REGION1,SEHO,2058,282.77
REGION1,SEHO,2059,283.9
REGION1,SEHO,2060,285.03
REGION1,SEWI,2015,1353.6
REGION1,SEWI,2016,1353.6
REGION1,SEWI,2017,1353.6
REGION1,SEWI,2018,1353.6
REGION1,SEWI,2019,1353.6
REGION1,SEWI,2020,1353.6
REGION1,SEWI,2021,1353.6
REGION1,SEWI,2022,1353.6
REGION1,SEWI,2023,1353.6
REGION1,SEWI,2024,1353.6
REGION1,SEWI,2025,1353.6
REGION1,SEWI,2026,1353.6
REGION1,SEWI,2027,1353.6
REGION1,SEWI,2028,1353.6
REGION1,SEWI,2029,1353.6
REGION1,SEWI,2030,1353.6
REGION1,SEWI,2031,1353.6
REGION1,SEWI,2032,1353.6
REGION1,SEWI,2033,1353.6
REGION1,SEWI,2034,1353.6
REGION1,SEWI,2035,1353.6
REGION1,SEWI,2036,1353.6
REGION1,SEWI,2037,1353.6
REGION1,SEWI,2038,1353.6
REGION1,SEWI,2039,1353.6
REGION1,SEWI,2040,1353.6
REGION1,SEWI,2041,1353.6
REGION1,SEWI,2042,1353.6
REGION1,SEWI,2043,1353.6
REGION1,SEWI,2044,1353.6
REGION1,SEWI,2045,1353.6
REGION1,SEWI,2046,1353.6
REGION1,SEWI,2047,1353.6
REGION1,SEWI,2048,1353.6
REGION1,SEWI,2049,1353.6
REGION1,SEWI,2050,1353.6
REGION1,SEWI,2051,1353.6
REGION1,SEWI,2052,1353.6
REGION1,SEWI,2053,1353.6
REGION1,SEWI,2054,1353.6
REGION1,SEWI,2055,1353.6
REGION1,SEWI,2056,1353.6
REGION1,SEWI,2057,1353.6
REGION1,SEWI,2058,1353.6
REGION1,SEWI,2059,1353.6
REGION1,SEWI,2060,1353.6
REGION1,UKHO,2015,34.13
REGION1,UKHO,2016,33.97
REGION1,UKHO,2017,33.81
REGION1,UKHO,2018,33.65
REGION1,UKHO,2019,33.5
REGION1,UKHO,2020,33.34
REGION1,UKHO,2021,33.4
REGION1,UKHO,2022,33.45
REGION1,UKHO,2023,33.51
REGION1,UKHO,2024,33.57
REGION1,UKHO,2025,33.62
REGION1,UKHO,2026,33.62
REGION1,UKHO,2027,33.62
REGION1,UKHO,2028,33.62
REGION1,UKHO,2029,33.62
REGION1,UKHO,2030,33.62
REGION1,UKHO,2031,33.64
REGION1,UKHO,2032,33.65
REGION1,UKHO,2033,33.67
REGION1,UKHO,2034,33.68
REGION1,UKHO,2035,33.7
REGION1,UKHO,2036,33.68
REGION1,UKHO,2037,33.67
REGION1,UKHO,2038,33.65
REGION1,UKHO,2039,33.64
REGION1,UKHO,2040,33.62
REGION1,UKHO,2041,33.64
REGION1,UKHO,2042,33.65
REGION1,UKHO,2043,33.67
REGION1,UKHO,2044,33.68
REGION1,UKHO,2045,33.7
REGION1,UKHO,2046,33.8
REGION1,UKHO,2047,33.9
REGION1,UKHO,2048,34
REGION1,UKHO,2049,34.1
REGION1,UKHO,2050,34.2
REGION1,UKHO,2051,34.2
REGION1,UKHO,2052,34.2
REGION1,UKHO,2053,34.2
REGION1,UKHO,2054,34.2
REGION1,UKHO,2055,34.2
REGION1,UKHO,2056,34.2
REGION1,UKHO,2057,34.2
REGION1,UKHO,2058,34.2
REGION1,UKHO,2059,34.2
REGION1,UKHO,2060,34.2
REGION1,UKWI,2015,2692.8
REGION1,UKWI,2016,2692.8
REGION1,UKWI,2017,2692.8
REGION1,UKWI,2018,2692.8
REGION1,UKWI,2019,2692.8
REGION1,UKWI,2020,2692.8
REGION1,UKWI,2021,2692.8
REGION1,UKWI,2022,2692.8
REGION1,UKWI,2023,2692.8
REGION1,UKWI,2024,2692.8
REGION1,UKWI,2025,2692.8
REGION1,UKWI,2026,2692.8
REGION1,UKWI,2027,2692.8
REGION1,UKWI,2028,2692.8
REGION1,UKWI,2029,2692.8
REGION1,UKWI,2030,2692.8
REGION1,UKWI,2031,2692.8
REGION1,UKWI,2032,2692.8
REGION1,UKWI,2033,2692.8
REGION1,UKWI,2034,2692.8
REGION1,UKWI,2035,2692.8
REGION1,UKWI,2036,2692.8
REGION1,UKWI,2037,2692.8
REGION1,UKWI,2038,2692.8
REGION1,UKWI,2039,2692.8
REGION1,UKWI,2040,2692.8
REGION1,UKWI,2041,2692.8
REGION1,UKWI,2042,2692.8
REGION1,UKWI,2043,2692.8
REGION1,UKWI,2044,2692.8
REGION1,UKWI,2045,2692.8
REGION1,UKWI,2046,2692.8
REGION1,UKWI,2047,2692.8
REGION1,UKWI,2048,2692.8
REGION1,UKWI,2049,2692.8
REGION1,UKWI,2050,2692.8
REGION1,UKWI,2051,2692.8
REGION1,UKWI,2052,2692.8
REGION1,UKWI,2053,2692.8
REGION1,UKWI,2054,2692.8
REGION1,UKWI,2055,2692.8
REGION1,UKWI,2056,2692.8
REGION1,UKWI,2057,2692.8
REGION1,UKWI,2058,2692.8
REGION1,UKWI,2059,2692.8
REGION1,UKWI,2060,2692.8
REGION1,BESO,2015,11.01
REGION1,BESO,2016,11.14
REGION1,BESO,2017,11.91
REGION1,BESO,2018,14.05
REGION1,BESO,2019,15.31
REGION1,BESO,2020,18.4
REGION1,BESO,2021,20.22
REGION1,BESO,2022,23.34
REGION1,BESO,2023,29.31
REGION1,BESO,2024,36.2
REGION1,BESO,2025,43.23
REGION1,BESO,2026,50.26
REGION1,BESO,2027,57.28
REGION1,BESO,2028,64.31
REGION1,BESO,2029,71.34
REGION1,BESO,2030,78.37
REGION1,BESO,2031,85.39
REGION1,BESO,2032,92.42
REGION1,BESO,2033,99.45
REGION1,BESO,2034,106.48
REGION1,BESO,2035,113.5
REGION1,BESO,2036,120.53
REGION1,BESO,2037,127.56
REGION1,BESO,2038,134.59
REGION1,BESO,2039,141.61
REGION1,BESO,2040,148.64
REGION1,BESO,2041,155.67
REGION1,BESO,2042,162.7
REGION1,BESO,2043,169.73
REGION1,BESO,2044,176.75
REGION1,BESO,2045,183.78
REGION1,BESO,2046,190.81
REGION1,BESO,2047,197.84
REGION1,BESO,2048,204.86
REGION1,BESO,2049,211.89
REGION1,BESO,2050,218.92
REGION1,BESO,2051,218.92
REGION1,BESO,2052,218.92
REGION1,BESO,2053,218.92
REGION1,BESO,2054,218.92
REGION1,BESO,2055,218.92
REGION1,BESO,2056,218.92
REGION1,BESO,2057,218.92
REGION1,BESO,2058,218.92
REGION1,BESO,2059,218.92
REGION1,BESO,2060,218.92
REGION1,DKSO,2015,2.17
REGION1,DKSO,2016,2.68
REGION1,DKSO,2017,2.7
REGION1,DKSO,2018,3.43
REGION1,DKSO,2019,3.47
REGION1,DKSO,2020,4.25
REGION1,DKSO,2021,4.71
REGION1,DKSO,2022,9.59
REGION1,DKSO,2023,11.99
REGION1,DKSO,2024,18.51
REGION1,DKSO,2025,25.39
REGION1,DKSO,2026,32.27
REGION1,DKSO,2027,39.14
REGION1,DKSO,2028,46.02
REGION1,DKSO,2029,52.89
REGION1,DKSO,2030,59.77
REGION1,DKSO,2031,66.64
REGION1,DKSO,2032,73.52
REGION1,DKSO,2033,80.39
REGION1,DKSO,2034,87.27
REGION1,DKSO,2035,94.14
REGION1,DKSO,2036,101.02
REGION1,DKSO,2037,107.89
REGION1,DKSO,2038,114.77
REGION1,DKSO,2039,121.64
REGION1,DKSO,2040,128.52
REGION1,DKSO,2041,135.4
REGION1,DKSO,2042,142.27
REGION1,DKSO,2043,149.15
REGION1,DKSO,2044,156.02
REGION1,DKSO,2045,162.9
REGION1,DKSO,2046,169.77
REGION1,DKSO,2047,176.65
REGION1,DKSO,2048,183.52
REGION1,DKSO,2049,190.4
REGION1,DKSO,2050,197.27
REGION1,DKSO,2051,197.27
REGION1,DKSO,2052,197.27
REGION1,DKSO,2053,197.27
REGION1,DKSO,2054,197.27
REGION1,DKSO,2055,197.27
REGION1,DKSO,2056,197.27
REGION1,DKSO,2057,197.27
REGION1,DKSO,2058,197.27
REGION1,DKSO,2059,197.27
REGION1,DKSO,2060,197.27
REGION1,EESO,2015,0.02
REGION1,EESO,2016,0.03
REGION1,EESO,2017,0.05
REGION1,EESO,2018,0.11
REGION1,EESO,2019,0.26
REGION1,EESO,2020,0.88
REGION1,EESO,2021,1.27
REGION1,EESO,2022,1.87
REGION1,EESO,2023,4.27
REGION1,EESO,2024,6.17
REGION1,EESO,2025,8.29
REGION1,EESO,2026,10.41
REGION1,EESO,2027,12.54
REGION1,EESO,2028,14.66
REGION1,EESO,2029,16.79
REGION1,EESO,2030,18.91
REGION1,EESO,2031,21.04
REGION1,EESO,2032,23.16
REGION1,EESO,2033,25.28
REGION1,EESO,2034,27.41
REGION1,EESO,2035,29.53
REGION1,EESO,2036,31.66
REGION1,EESO,2037,33.78
REGION1,EESO,2038,35.9
REGION1,EESO,2039,38.03
REGION1,EESO,2040,40.15
REGION1,EESO,2041,42.28
REGION1,EESO,2042,44.4
REGION1,EESO,2043,46.52
REGION1,EESO,2044,48.65
REGION1,EESO,2045,50.77
REGION1,EESO,2046,52.9
REGION1,EESO,2047,55.02
REGION1,EESO,2048,57.15
REGION1,EESO,2049,59.27
REGION1,EESO,2050,61.39
REGION1,EESO,2051,61.39
REGION1,EESO,2052,61.39
REGION1,EESO,2053,61.39
REGION1,EESO,2054,61.39
REGION1,EESO,2055,61.39
REGION1,EESO,2056,61.39
REGION1,EESO,2057,61.39
REGION1,EESO,2058,61.39
REGION1,EESO,2059,61.39
REGION1,EESO,2060,61.39
REGION1,FISO,2015,0.04
REGION1,FISO,2016,0.08
REGION1,FISO,2017,0.17
REGION1,FISO,2018,0.32
REGION1,FISO,2019,0.53
REGION1,FISO,2020,0.79
REGION1,FISO,2021,1.07
REGION1,FISO,2022,1.49
REGION1,FISO,2023,2.52
REGION1,FISO,2024,4.94
REGION1,FISO,2025,7.46
REGION1,FISO,2026,9.98
REGION1,FISO,2027,12.5
REGION1,FISO,2028,15.02
REGION1,FISO,2029,17.54
REGION1,FISO,2030,20.06
REGION1,FISO,2031,22.58
REGION1,FISO,2032,25.1
REGION1,FISO,2033,27.62
REGION1,FISO,2034,30.14
REGION1,FISO,2035,32.66
REGION1,FISO,2036,35.18
REGION1,FISO,2037,37.7
REGION1,FISO,2038,40.22
REGION1,FISO,2039,42.74
REGION1,FISO,2040,45.26
REGION1,FISO,2041,47.78
REGION1,FISO,2042,50.3
REGION1,FISO,2043,52.82
REGION1,FISO,2044,55.34
REGION1,FISO,2045,57.86
REGION1,FISO,2046,60.38
REGION1,FISO,2047,62.9
REGION1,FISO,2048,65.42
REGION1,FISO,2049,67.94
REGION1,FISO,2050,70.46
REGION1,FISO,2051,70.46
REGION1,FISO,2052,70.46
REGION1,FISO,2053,70.46
REGION1,FISO,2054,70.46
REGION1,FISO,2055,70.46
REGION1,FISO,2056,70.46
REGION1,FISO,2057,70.46
REGION1,FISO,2058,70.46
REGION1,FISO,2059,70.46
REGION1,FISO,2060,70.46
REGION1,LTSO,2015,0.26
REGION1,LTSO,2016,0.24
REGION1,LTSO,2017,0.24
REGION1,LTSO,2018,0.31
REGION1,LTSO,2019,0.33
REGION1,LTSO,2020,0.46
REGION1,LTSO,2021,0.69
REGION1,LTSO,2022,1.88
REGION1,LTSO,2023,3.91
REGION1,LTSO,2024,7.45
REGION1,LTSO,2025,11.26
REGION1,LTSO,2026,15.07
REGION1,LTSO,2027,18.88
REGION1,LTSO,2028,22.69
REGION1,LTSO,2029,26.5
REGION1,LTSO,2030,30.31
REGION1,LTSO,2031,34.12
REGION1,LTSO,2032,37.92
REGION1,LTSO,2033,41.73
REGION1,LTSO,2034,45.54
REGION1,LTSO,2035,49.35
REGION1,LTSO,2036,53.16
REGION1,LTSO,2037,56.97
REGION1,LTSO,2038,60.78
REGION1,LTSO,2039,64.58
REGION1,LTSO,2040,68.39
REGION1,LTSO,2041,72.2
REGION1,LTSO,2042,76.01
REGION1,LTSO,2043,79.82
REGION1,LTSO,2044,83.63
REGION1,LTSO,2045,87.44
REGION1,LTSO,2046,91.25
REGION1,LTSO,2047,95.05
REGION1,LTSO,2048,98.86
REGION1,LTSO,2049,102.67
REGION1,LTSO,2050,106.48
REGION1,LTSO,2051,106.48
REGION1,LTSO,2052,106.48
REGION1,LTSO,2053,106.48
REGION1,LTSO,2054,106.48
REGION1,LTSO,2055,106.48
REGION1,LTSO,2056,106.48
REGION1,LTSO,2057,106.48
REGION1,LTSO,2058,106.48
REGION1,LTSO,2059,106.48
REGION1,LTSO,2060,106.48
REGION1,NLSO,2015,3.99
REGION1,NLSO,2016,5.77
REGION1,NLSO,2017,7.93
REGION1,NLSO,2018,13.35
REGION1,NLSO,2019,19.44
REGION1,NLSO,2020,30.84
REGION1,NLSO,2021,41.38
REGION1,NLSO,2022,52.79
REGION1,NLSO,2023,64.67
REGION1,NLSO,2024,77.35
REGION1,NLSO,2025,90.39
REGION1,NLSO,2026,103.42
REGION1,NLSO,2027,116.46
REGION1,NLSO,2028,129.49
REGION1,NLSO,2029,142.53
REGION1,NLSO,2030,157.01
REGION1,NLSO,2031,171.5
REGION1,NLSO,2032,185.98
REGION1,NLSO,2033,200.47
REGION1,NLSO,2034,214.95
REGION1,NLSO,2035,229.44
REGION1,NLSO,2036,243.92
REGION1,NLSO,2037,258.41
REGION1,NLSO,2038,272.89
REGION1,NLSO,2039,287.37
REGION1,NLSO,2040,301.86
REGION1,NLSO,2041,316.34
REGION1,NLSO,2042,330.83
REGION1,NLSO,2043,345.31
REGION1,NLSO,2044,359.8
REGION1,NLSO,2045,374.28
REGION1,NLSO,2046,388.76
REGION1,NLSO,2047,403.25
REGION1,NLSO,2048,417.73
REGION1,NLSO,2049,432.22
REGION1,NLSO,2050,446.7
REGION1,NLSO,2051,446.7
REGION1,NLSO,2052,446.7
REGION1,NLSO,2053,446.7
REGION1,NLSO,2054,446.7
REGION1,NLSO,2055,446.7
REGION1,NLSO,2056,446.7
REGION1,NLSO,2057,446.7
REGION1,NLSO,2058,446.7
REGION1,NLSO,2059,446.7
REGION1,NLSO,2060,446.7
REGION1,PLSO,2015,0.21
REGION1,PLSO,2016,0.45
REGION1,PLSO,2017,0.59
REGION1,PLSO,2018,1.08
REGION1,PLSO,2019,2.56
REGION1,PLSO,2020,7.05
REGION1,PLSO,2021,14.16
REGION1,PLSO,2022,23.12
REGION1,PLSO,2023,34.1
REGION1,PLSO,2024,44.93
REGION1,PLSO,2025,56.87
REGION1,PLSO,2026,68.81
REGION1,PLSO,2027,80.74
REGION1,PLSO,2028,92.68
REGION1,PLSO,2029,104.61
REGION1,PLSO,2030,118.94
REGION1,PLSO,2031,133.26
REGION1,PLSO,2032,147.58
REGION1,PLSO,2033,161.91
REGION1,PLSO,2034,176.23
REGION1,PLSO,2035,190.55
REGION1,PLSO,2036,204.87
REGION1,PLSO,2037,219.2
REGION1,PLSO,2038,233.52
REGION1,PLSO,2039,247.84
REGION1,PLSO,2040,262.17
REGION1,PLSO,2041,276.49
REGION1,PLSO,2042,290.81
REGION1,PLSO,2043,305.14
REGION1,PLSO,2044,319.46
REGION1,PLSO,2045,333.78
REGION1,PLSO,2046,348.1
REGION1,PLSO,2047,362.43
REGION1,PLSO,2048,376.75
REGION1,PLSO,2049,391.07
REGION1,PLSO,2050,405.4
REGION1,PLSO,2051,405.4
REGION1,PLSO,2052,405.4
REGION1,PLSO,2053,405.4
REGION1,PLSO,2054,405.4
REGION1,PLSO,2055,405.4
REGION1,PLSO,2056,405.4
REGION1,PLSO,2057,405.4
REGION1,PLSO,2058,405.4
REGION1,PLSO,2059,405.4
REGION1,PLSO,2060,405.4
REGION1,UKSO,2015,27.12
REGION1,UKSO,2016,37.42
REGION1,UKSO,2017,41.25
REGION1,UKSO,2018,45.6
REGION1,UKSO,2019,44.7
REGION1,UKSO,2020,46.45
REGION1,UKSO,2021,43.7
REGION1,UKSO,2022,46.12
REGION1,UKSO,2023,47.31
REGION1,UKSO,2024,64.11
REGION1,UKSO,2025,81.57
REGION1,UKSO,2026,99.03
REGION1,UKSO,2027,116.49
REGION1,UKSO,2028,133.95
REGION1,UKSO,2029,151.41
REGION1,UKSO,2030,168.88
REGION1,UKSO,2031,186.34
REGION1,UKSO,2032,203.8
REGION1,UKSO,2033,221.26
REGION1,UKSO,2034,238.72
REGION1,UKSO,2035,256.18
REGION1,UKSO,2036,273.64
REGION1,UKSO,2037,291.1
REGION1,UKSO,2038,308.56
REGION1,UKSO,2039,326.03
REGION1,UKSO,2040,343.49
REGION1,UKSO,2041,360.95
REGION1,UKSO,2042,378.41
REGION1,UKSO,2043,395.87
REGION1,UKSO,2044,413.33
REGION1,UKSO,2045,430.79
REGION1,UKSO,2046,448.25
REGION1,UKSO,2047,465.71
REGION1,UKSO,2048,483.17
REGION1,UKSO,2049,500.64
REGION1,UKSO,2050,518.1
REGION1,UKSO,2051,518.1
REGION1,UKSO,2052,518.1
REGION1,UKSO,2053,518.1
REGION1,UKSO,2054,518.1
REGION1,UKSO,2055,518.1
REGION1,UKSO,2056,518.1
REGION1,UKSO,2057,518.1
REGION1,UKSO,2058,518.1
REGION1,UKSO,2059,518.1
REGION1,UKSO,2060,518.1
REGION1,NOSO,2015,0.05
REGION1,NOSO,2016,0.09
REGION1,NOSO,2017,0.14
REGION1,NOSO,2018,0.22
REGION1,NOSO,2019,0.38
REGION1,NOSO,2020,0.49
REGION1,NOSO,2021,0.63
REGION1,NOSO,2022,1
REGION1,NOSO,2023,1
REGION1,NOSO,2024,2.6
REGION1,NOSO,2025,4.2
REGION1,NOSO,2026,5.81
REGION1,NOSO,2027,7.42
REGION1,NOSO,2028,9.03
REGION1,NOSO,2029,10.64
REGION1,NOSO,2030,12.24
REGION1,NOSO,2031,13.85
REGION1,NOSO,2032,15.46
REGION1,NOSO,2033,17.07
REGION1,NOSO,2034,18.68
REGION1,NOSO,2035,20.28
REGION1,NOSO,2036,21.89
REGION1,NOSO,2037,23.5
REGION1,NOSO,2038,25.11
REGION1,NOSO,2039,26.72
REGION1,NOSO,2040,28.32
REGION1,NOSO,2041,29.93
REGION1,NOSO,2042,31.54
REGION1,NOSO,2043,33.15
REGION1,NOSO,2044,34.76
REGION1,NOSO,2045,36.36
REGION1,NOSO,2046,37.97
REGION1,NOSO,2047,39.58
REGION1,NOSO,2048,41.19
REGION1,NOSO,2049,42.8
REGION1,NOSO,2050,44.4
REGION1,NOSO,2051,44.4
REGION1,NOSO,2052,44.4
REGION1,NOSO,2053,44.4
REGION1,NOSO,2054,44.4
REGION1,NOSO,2055,44.4
REGION1,NOSO,2056,44.4
REGION1,NOSO,2057,44.4
REGION1,NOSO,2058,44.4
REGION1,NOSO,2059,44.4
REGION1,NOSO,2060,44.4
REGION1,SESO,2015,0.35
REGION1,SESO,2016,0.51
REGION1,SESO,2017,0.83
REGION1,SESO,2018,1.47
REGION1,SESO,2019,2.44
REGION1,SESO,2020,3.78
REGION1,SESO,2021,5.49
REGION1,SESO,2022,8.92
REGION1,SESO,2023,14.39
REGION1,SESO,2024,21.22
REGION1,SESO,2025,28.07
REGION1,SESO,2026,34.91
REGION1,SESO,2027,41.76
REGION1,SESO,2028,48.61
REGION1,SESO,2029,55.45
REGION1,SESO,2030,62.3
REGION1,SESO,2031,69.15
REGION1,SESO,2032,75.99
REGION1,SESO,2033,82.84
REGION1,SESO,2034,89.69
REGION1,SESO,2035,96.54
REGION1,SESO,2036,103.38
REGION1,SESO,2037,110.23
REGION1,SESO,2038,117.08
REGION1,SESO,2039,123.92
REGION1,SESO,2040,130.77
REGION1,SESO,2041,137.62
REGION1,SESO,2042,144.47
REGION1,SESO,2043,151.31
REGION1,SESO,2044,158.16
REGION1,SESO,2045,165.01
REGION1,SESO,2046,171.85
REGION1,SESO,2047,178.7
REGION1,SESO,2048,185.55
REGION1,SESO,2049,192.39
REGION1,SESO,2050,199.24
REGION1,SESO,2051,199.24
REGION1,SESO,2052,199.24
REGION1,SESO,2053,199.24
REGION1,SESO,2054,199.24
REGION1,SESO,2055,199.24
REGION1,SESO,2056,199.24
REGION1,SESO,2057,199.24
REGION1,SESO,2058,199.24
REGION1,SESO,2059,199.24
REGION1,SESO,2060,199.24
REGION1,DEWO,2015,1454.4
REGION1,DEWO,2016,1454.4
REGION1,DEWO,2017,1454.4
REGION1,DEWO,2018,1454.4
REGION1,DEWO,2019,1454.4
REGION1,DEWO,2020,1454.4
REGION1,DEWO,2021,1454.4
REGION1,DEWO,2022,1454.4
REGION1,DEWO,2023,1454.4
REGION1,DEWO,2024,1454.4
REGION1,DEWO,2025,1454.4
REGION1,DEWO,2026,1454.4
REGION1,DEWO,2027,1454.4
REGION1,DEWO,2028,1454.4
REGION1,DEWO,2029,1454.4
REGION1,DEWO,2030,1454.4
REGION1,DEWO,2031,1454.4
REGION1,DEWO,2032,1454.4
REGION1,DEWO,2033,1454.4
REGION1,DEWO,2034,1454.4
REGION1,DEWO,2035,1454.4
REGION1,DEWO,2036,1454.4
REGION1,DEWO,2037,1454.4
REGION1,DEWO,2038,1454.4
REGION1,DEWO,2039,1454.4
REGION1,DEWO,2040,1454.4
REGION1,DEWO,2041,1454.4
REGION1,DEWO,2042,1454.4
REGION1,DEWO,2043,1454.4
REGION1,DEWO,2044,1454.4
REGION1,DEWO,2045,1454.4
REGION1,DEWO,2046,1454.4
REGION1,DEWO,2047,1454.4
REGION1,DEWO,2048,1454.4
REGION1,DEWO,2049,1454.4
REGION1,DEWO,2050,1454.4
REGION1,DEWO,2051,1454.4
REGION1,DEWO,2052,1454.4
REGION1,DEWO,2053,1454.4
REGION1,DEWO,2054,1454.4
REGION1,DEWO,2055,1454.4
REGION1,DEWO,2056,1454.4
REGION1,DEWO,2057,1454.4
REGION1,DEWO,2058,1454.4
REGION1,DEWO,2059,1454.4
REGION1,DEWO,2060,1454.4
REGION1,DKWO,2015,3355.2
REGION1,DKWO,2016,3355.2
REGION1,DKWO,2017,3355.2
REGION1,DKWO,2018,3355.2
REGION1,DKWO,2019,3355.2
REGION1,DKWO,2020,3355.2
REGION1,DKWO,2021,3355.2
REGION1,DKWO,2022,3355.2
REGION1,DKWO,2023,3355.2
REGION1,DKWO,2024,3355.2
REGION1,DKWO,2025,3355.2
REGION1,DKWO,2026,3355.2
REGION1,DKWO,2027,3355.2
REGION1,DKWO,2028,3355.2
REGION1,DKWO,2029,3355.2
REGION1,DKWO,2030,3355.2
REGION1,DKWO,2031,3355.2
REGION1,DKWO,2032,3355.2
REGION1,DKWO,2033,3355.2
REGION1,DKWO,2034,3355.2
REGION1,DKWO,2035,3355.2
REGION1,DKWO,2036,3355.2
REGION1,DKWO,2037,3355.2
REGION1,DKWO,2038,3355.2
REGION1,DKWO,2039,3355.2
REGION1,DKWO,2040,3355.2
REGION1,DKWO,2041,3355.2
REGION1,DKWO,2042,3355.2
REGION1,DKWO,2043,3355.2
REGION1,DKWO,2044,3355.2
REGION1,DKWO,2045,3355.2
REGION1,DKWO,2046,3355.2
REGION1,DKWO,2047,3355.2
REGION1,DKWO,2048,3355.2
REGION1,DKWO,2049,3355.2
REGION1,DKWO,2050,3355.2
REGION1,DKWO,2051,3355.2
REGION1,DKWO,2052,3355.2
REGION1,DKWO,2053,3355.2
REGION1,DKWO,2054,3355.2
REGION1,DKWO,2055,3355.2
REGION1,DKWO,2056,3355.2
REGION1,DKWO,2057,3355.2
REGION1,DKWO,2058,3355.2
REGION1,DKWO,2059,3355.2
REGION1,DKWO,2060,3355.2
REGION1,EEWO,2015,777.6
REGION1,EEWO,2016,777.6
REGION1,EEWO,2017,777.6
REGION1,EEWO,2018,777.6
REGION1,EEWO,2019,777.6
REGION1,EEWO,2020,777.6
REGION1,EEWO,2021,777.6
REGION1,EEWO,2022,777.6
REGION1,EEWO,2023,777.6
REGION1,EEWO,2024,777.6
REGION1,EEWO,2025,777.6
REGION1,EEWO,2026,777.6
REGION1,EEWO,2027,777.6
REGION1,EEWO,2028,777.6
REGION1,EEWO,2029,777.6
REGION1,EEWO,2030,777.6
REGION1,EEWO,2031,777.6
REGION1,EEWO,2032,777.6
REGION1,EEWO,2033,777.6
REGION1,EEWO,2034,777.6
REGION1,EEWO,2035,777.6
REGION1,EEWO,2036,777.6
REGION1,EEWO,2037,777.6
REGION1,EEWO,2038,777.6
REGION1,EEWO,2039,777.6
REGION1,EEWO,2040,777.6
REGION1,EEWO,2041,777.6
REGION1,EEWO,2042,777.6
REGION1,EEWO,2043,777.6
REGION1,EEWO,2044,777.6
REGION1,EEWO,2045,777.6
REGION1,EEWO,2046,777.6
REGION1,EEWO,2047,777.6
REGION1,EEWO,2048,777.6
REGION1,EEWO,2049,777.6
REGION1,EEWO,2050,777.6
REGION1,EEWO,2051,777.6
REGION1,EEWO,2052,777.6
REGION1,EEWO,2053,777.6
REGION1,EEWO,2054,777.6
REGION1,EEWO,2055,777.6
REGION1,EEWO,2056,777.6
REGION1,EEWO,2057,777.6
REGION1,EEWO,2058,777.6
REGION1,EEWO,2059,777.6
REGION1,EEWO,2060,777.6
REGION1,FIWO,2015,3438
REGION1,FIWO,2016,3438
REGION1,FIWO,2017,3438
REGION1,FIWO,2018,3438
REGION1,FIWO,2019,3438
REGION1,FIWO,2020,3438
REGION1,FIWO,2021,3438
REGION1,FIWO,2022,3438
REGION1,FIWO,2023,3438
REGION1,FIWO,2024,3438
REGION1,FIWO,2025,3438
REGION1,FIWO,2026,3438
REGION1,FIWO,2027,3438
REGION1,FIWO,2028,3438
REGION1,FIWO,2029,3438
REGION1,FIWO,2030,3438
REGION1,FIWO,2031,3438
REGION1,FIWO,2032,3438
REGION1,FIWO,2033,3438
REGION1,FIWO,2034,3438
REGION1,FIWO,2035,3438
REGION1,FIWO,2036,3438
REGION1,FIWO,2037,3438
REGION1,FIWO,2038,3438
REGION1,FIWO,2039,3438
REGION1,FIWO,2040,3438
REGION1,FIWO,2041,3438
REGION1,FIWO,2042,3438
REGION1,FIWO,2043,3438
REGION1,FIWO,2044,3438
REGION1,FIWO,2045,3438
REGION1,FIWO,2046,3438
REGION1,FIWO,2047,3438
REGION1,FIWO,2048,3438
REGION1,FIWO,2049,3438
REGION1,FIWO,2050,3438
REGION1,FIWO,2051,3438
REGION1,FIWO,2052,3438
REGION1,FIWO,2053,3438
REGION1,FIWO,2054,3438
REGION1,FIWO,2055,3438
REGION1,FIWO,2056,3438
REGION1,FIWO,2057,3438
REGION1,FIWO,2058,3438
REGION1,FIWO,2059,3438
REGION1,FIWO,2060,3438
REGION1,FRWO,2015,4359.6
REGION1,FRWO,2016,4359.6
REGION1,FRWO,2017,4359.6
REGION1,FRWO,2018,4359.6
REGION1,FRWO,2019,4359.6
REGION1,FRWO,2020,4359.6
REGION1,FRWO,2021,4359.6
REGION1,FRWO,2022,4359.6
REGION1,FRWO,2023,4359.6
REGION1,FRWO,2024,4359.6
REGION1,FRWO,2025,4359.6
REGION1,FRWO,2026,4359.6
REGION1,FRWO,2027,4359.6
REGION1,FRWO,2028,4359.6
REGION1,FRWO,2029,4359.6
REGION1,FRWO,2030,4359.6
REGION1,FRWO,2031,4359.6
REGION1,FRWO,2032,4359.6
REGION1,FRWO,2033,4359.6
REGION1,FRWO,2034,4359.6
REGION1,FRWO,2035,4359.6
REGION1,FRWO,2036,4359.6
REGION1,FRWO,2037,4359.6
REGION1,FRWO,2038,4359.6
REGION1,FRWO,2039,4359.6
REGION1,FRWO,2040,4359.6
REGION1,FRWO,2041,4359.6
REGION1,FRWO,2042,4359.6
REGION1,FRWO,2043,4359.6
REGION1,FRWO,2044,4359.6
REGION1,FRWO,2045,4359.6
REGION1,FRWO,2046,4359.6
REGION1,FRWO,2047,4359.6
REGION1,FRWO,2048,4359.6
REGION1,FRWO,2049,4359.6
REGION1,FRWO,2050,4359.6
REGION1,FRWO,2051,4359.6
REGION1,FRWO,2052,4359.6
REGION1,FRWO,2053,4359.6
REGION1,FRWO,2054,4359.6
REGION1,FRWO,2055,4359.6
REGION1,FRWO,2056,4359.6
REGION1,FRWO,2057,4359.6
REGION1,FRWO,2058,4359.6
REGION1,FRWO,2059,4359.6
REGION1,FRWO,2060,4359.6
REGION1,LTWO,2015,306
REGION1,LTWO,2016,306
REGION1,LTWO,2017,306
REGION1,LTWO,2018,306
REGION1,LTWO,2019,306
REGION1,LTWO,2020,306
REGION1,LTWO,2021,306
REGION1,LTWO,2022,306
REGION1,LTWO,2023,306
REGION1,LTWO,2024,306
REGION1,LTWO,2025,306
REGION1,LTWO,2026,306
REGION1,LTWO,2027,306
REGION1,LTWO,2028,306
REGION1,LTWO,2029,306
REGION1,LTWO,2030,306
REGION1,LTWO,2031,306
REGION1,LTWO,2032,306
REGION1,LTWO,2033,306
REGION1,LTWO,2034,306
REGION1,LTWO,2035,306
REGION1,LTWO,2036,306
REGION1,LTWO,2037,306
REGION1,LTWO,2038,306
REGION1,LTWO,2039,306
REGION1,LTWO,2040,306
REGION1,LTWO,2041,306
REGION1,LTWO,2042,306
REGION1,LTWO,2043,306
REGION1,LTWO,2044,306
REGION1,LTWO,2045,306
REGION1,LTWO,2046,306
REGION1,LTWO,2047,306
REGION1,LTWO,2048,306
REGION1,LTWO,2049,306
REGION1,LTWO,2050,306
REGION1,LTWO,2051,306
REGION1,LTWO,2052,306
REGION1,LTWO,2053,306
REGION1,LTWO,2054,306
REGION1,LTWO,2055,306
REGION1,LTWO,2056,306
REGION1,LTWO,2057,306
REGION1,LTWO,2058,306
REGION1,LTWO,2059,306
REGION1,LTWO,2060,306
REGION1,LVWO,2015,1368
REGION1,LVWO,2016,1368
REGION1,LVWO,2017,1368
REGION1,LVWO,2018,1368
REGION1,LVWO,2019,1368
REGION1,LVWO,2020,1368
REGION1,LVWO,2021,1368
REGION1,LVWO,2022,1368
REGION1,LVWO,2023,1368
REGION1,LVWO,2024,1368
REGION1,LVWO,2025,1368
REGION1,LVWO,2026,1368
REGION1,LVWO,2027,1368
REGION1,LVWO,2028,1368
REGION1,LVWO,2029,1368
REGION1,LVWO,2030,1368
REGION1,LVWO,2031,1368
REGION1,LVWO,2032,1368
REGION1,LVWO,2033,1368
REGION1,LVWO,2034,1368
REGION1,LVWO,2035,1368
REGION1,LVWO,2036,1368
REGION1,LVWO,2037,1368
REGION1,LVWO,2038,1368
REGION1,LVWO,2039,1368
REGION1,LVWO,2040,1368
REGION1,LVWO,2041,1368
REGION1,LVWO,2042,1368
REGION1,LVWO,2043,1368
REGION1,LVWO,2044,1368
REGION1,LVWO,2045,1368
REGION1,LVWO,2046,1368
REGION1,LVWO,2047,1368
REGION1,LVWO,2048,1368
REGION1,LVWO,2049,1368
REGION1,LVWO,2050,1368
REGION1,LVWO,2051,1368
REGION1,LVWO,2052,1368
REGION1,LVWO,2053,1368
REGION1,LVWO,2054,1368
REGION1,LVWO,2055,1368
REGION1,LVWO,2056,1368
REGION1,LVWO,2057,1368
REGION1,LVWO,2058,1368
REGION1,LVWO,2059,1368
REGION1,LVWO,2060,1368
REGION1,NLWO,2015,1429.2
REGION1,NLWO,2016,1429.2
REGION1,NLWO,2017,1429.2
REGION1,NLWO,2018,1429.2
REGION1,NLWO,2019,1429.2
REGION1,NLWO,2020,1429.2
REGION1,NLWO,2021,1429.2
REGION1,NLWO,2022,1429.2
REGION1,NLWO,2023,1429.2
REGION1,NLWO,2024,1429.2
REGION1,NLWO,2025,1429.2
REGION1,NLWO,2026,1429.2
REGION1,NLWO,2027,1429.2
REGION1,NLWO,2028,1429.2
REGION1,NLWO,2029,1429.2
REGION1,NLWO,2030,1429.2
REGION1,NLWO,2031,1429.2
REGION1,NLWO,2032,1429.2
REGION1,NLWO,2033,1429.2
REGION1,NLWO,2034,1429.2
REGION1,NLWO,2035,1429.2
REGION1,NLWO,2036,1429.2
REGION1,NLWO,2037,1429.2
REGION1,NLWO,2038,1429.2
REGION1,NLWO,2039,1429.2
REGION1,NLWO,2040,1429.2
REGION1,NLWO,2041,1429.2
REGION1,NLWO,2042,1429.2
REGION1,NLWO,2043,1429.2
REGION1,NLWO,2044,1429.2
REGION1,NLWO,2045,1429.2
REGION1,NLWO,2046,1429.2
REGION1,NLWO,2047,1429.2
REGION1,NLWO,2048,1429.2
REGION1,NLWO,2049,1429.2
REGION1,NLWO,2050,1429.2
REGION1,NLWO,2051,1429.2
REGION1,NLWO,2052,1429.2
REGION1,NLWO,2053,1429.2
REGION1,NLWO,2054,1429.2
REGION1,NLWO,2055,1429.2
REGION1,NLWO,2056,1429.2
REGION1,NLWO,2057,1429.2
REGION1,NLWO,2058,1429.2
REGION1,NLWO,2059,1429.2
REGION1,NLWO,2060,1429.2
REGION1,PLWO,2015,1612.8
REGION1,PLWO,2016,1612.8
REGION1,PLWO,2017,1612.8
REGION1,PLWO,2018,1612.8
REGION1,PLWO,2019,1612.8
REGION1,PLWO,2020,1612.8
REGION1,PLWO,2021,1612.8
REGION1,PLWO,2022,1612.8
REGION1,PLWO,2023,1612.8
REGION1,PLWO,2024,1612.8
REGION1,PLWO,2025,1612.8
REGION1,PLWO,2026,1612.8
REGION1,PLWO,2027,1612.8
REGION1,PLWO,2028,1612.8
REGION1,PLWO,2029,1612.8
REGION1,PLWO,2030,1612.8
REGION1,PLWO,2031,1612.8
REGION1,PLWO,2032,1612.8
REGION1,PLWO,2033,1612.8
REGION1,PLWO,2034,1612.8
REGION1,PLWO,2035,1612.8
REGION1,PLWO,2036,1612.8
REGION1,PLWO,2037,1612.8
REGION1,PLWO,2038,1612.8
REGION1,PLWO,2039,1612.8
REGION1,PLWO,2040,1612.8
REGION1,PLWO,2041,1612.8
REGION1,PLWO,2042,1612.8
REGION1,PLWO,2043,1612.8
REGION1,PLWO,2044,1612.8
REGION1,PLWO,2045,1612.8
REGION1,PLWO,2046,1612.8
REGION1,PLWO,2047,1612.8
REGION1,PLWO,2048,1612.8
REGION1,PLWO,2049,1612.8
REGION1,PLWO,2050,1612.8
REGION1,PLWO,2051,1612.8
REGION1,PLWO,2052,1612.8
REGION1,PLWO,2053,1612.8
REGION1,PLWO,2054,1612.8
REGION1,PLWO,2055,1612.8
REGION1,PLWO,2056,1612.8
REGION1,PLWO,2057,1612.8
REGION1,PLWO,2058,1612.8
REGION1,PLWO,2059,1612.8
REGION1,PLWO,2060,1612.8
REGION1,SEWO,2015,5590.8
REGION1,SEWO,2016,5590.8
REGION1,SEWO,2017,5590.8
REGION1,SEWO,2018,5590.8
REGION1,SEWO,2019,5590.8
REGION1,SEWO,2020,5590.8
REGION1,SEWO,2021,5590.8
REGION1,SEWO,2022,5590.8
REGION1,SEWO,2023,5590.8
REGION1,SEWO,2024,5590.8
REGION1,SEWO,2025,5590.8
REGION1,SEWO,2026,5590.8
REGION1,SEWO,2027,5590.8
REGION1,SEWO,2028,5590.8
REGION1,SEWO,2029,5590.8
REGION1,SEWO,2030,5590.8
REGION1,SEWO,2031,5590.8
REGION1,SEWO,2032,5590.8
REGION1,SEWO,2033,5590.8
REGION1,SEWO,2034,5590.8
REGION1,SEWO,2035,5590.8
REGION1,SEWO,2036,5590.8
REGION1,SEWO,2037,5590.8
REGION1,SEWO,2038,5590.8
REGION1,SEWO,2039,5590.8
REGION1,SEWO,2040,5590.8
REGION1,SEWO,2041,5590.8
REGION1,SEWO,2042,5590.8
REGION1,SEWO,2043,5590.8
REGION1,SEWO,2044,5590.8
REGION1,SEWO,2045,5590.8
REGION1,SEWO,2046,5590.8
REGION1,SEWO,2047,5590.8
REGION1,SEWO,2048,5590.8
REGION1,SEWO,2049,5590.8
REGION1,SEWO,2050,5590.8
REGION1,SEWO,2051,5590.8
REGION1,SEWO,2052,5590.8
REGION1,SEWO,2053,5590.8
REGION1,SEWO,2054,5590.8
REGION1,SEWO,2055,5590.8
REGION1,SEWO,2056,5590.8
REGION1,SEWO,2057,5590.8
REGION1,SEWO,2058,5590.8
REGION1,SEWO,2059,5590.8
REGION1,SEWO,2060,5590.8
REGION1,UKWO,2015,15937.2
REGION1,UKWO,2016,15937.2
REGION1,UKWO,2017,15937.2
REGION1,UKWO,2018,15937.2
REGION1,UKWO,2019,15937.2
REGION1,UKWO,2020,15937.2
REGION1,UKWO,2021,15937.2
REGION1,UKWO,2022,15937.2
REGION1,UKWO,2023,15937.2
REGION1,UKWO,2024,15937.2
REGION1,UKWO,2025,15937.2
REGION1,UKWO,2026,15937.2
REGION1,UKWO,2027,15937.2
REGION1,UKWO,2028,15937.2
REGION1,UKWO,2029,15937.2
REGION1,UKWO,2030,15937.2
REGION1,UKWO,2031,15937.2
REGION1,UKWO,2032,15937.2
REGION1,UKWO,2033,15937.2
REGION1,UKWO,2034,15937.2
REGION1,UKWO,2035,15937.2
REGION1,UKWO,2036,15937.2
REGION1,UKWO,2037,15937.2
REGION1,UKWO,2038,15937.2
REGION1,UKWO,2039,15937.2
REGION1,UKWO,2040,15937.2
REGION1,UKWO,2041,15937.2
REGION1,UKWO,2042,15937.2
REGION1,UKWO,2043,15937.2
REGION1,UKWO,2044,15937.2
REGION1,UKWO,2045,15937.2
REGION1,UKWO,2046,15937.2
REGION1,UKWO,2047,15937.2
REGION1,UKWO,2048,15937.2
REGION1,UKWO,2049,15937.2
REGION1,UKWO,2050,15937.2
REGION1,UKWO,2051,15937.2
REGION1,UKWO,2052,15937.2
REGION1,UKWO,2053,15937.2
REGION1,UKWO,2054,15937.2
REGION1,UKWO,2055,15937.2
REGION1,UKWO,2056,15937.2
REGION1,UKWO,2057,15937.2
REGION1,UKWO,2058,15937.2
REGION1,UKWO,2059,15937.2
REGION1,UKWO,2060,15937.2
REGION1,BMIM,2015,142
REGION1,BMIM,2016,142
REGION1,BMIM,2017,142
REGION1,BMIM,2018,142
REGION1,BMIM,2019,142
REGION1,BMIM,2020,142
REGION1,BMIM,2021,153
REGION1,BMIM,2022,164
REGION1,BMIM,2023,175
REGION1,BMIM,2024,186
REGION1,BMIM,2025,197
REGION1,BMIM,2026,208
REGION1,BMIM,2027,219
REGION1,BMIM,2028,230
REGION1,BMIM,2029,241
REGION1,BMIM,2030,252
REGION1,BMIM,2031,263
REGION1,BMIM,2032,274
REGION1,BMIM,2033,285
REGION1,BMIM,2034,296
REGION1,BMIM,2035,307
REGION1,BMIM,2036,318
REGION1,BMIM,2037,329
REGION1,BMIM,2038,340
REGION1,BMIM,2039,351
REGION1,BMIM,2040,362
REGION1,BMIM,2041,373
REGION1,BMIM,2042,384
REGION1,BMIM,2043,395
REGION1,BMIM,2044,406
REGION1,BMIM,2045,417
REGION1,BMIM,2046,428
REGION1,BMIM,2047,439
REGION1,BMIM,2048,450
REGION1,BMIM,2049,461
REGION1,BMIM,2050,472
REGION1,BMIM,2051,472
REGION1,BMIM,2052,472
REGION1,BMIM,2053,472
REGION1,BMIM,2054,472
REGION1,BMIM,2055,472
REGION1,BMIM,2056,472
REGION1,BMIM,2057,472
REGION1,BMIM,2058,472
REGION1,BMIM,2059,472
REGION1,BMIM,2060,472
REGION1,LVSO,2015,0
REGION1,LVSO,2016,0
REGION1,LVSO,2017,0
REGION1,LVSO,2018,0
REGION1,LVSO,2019,0.01
REGION1,LVSO,2020,0.02
REGION1,LVSO,2021,0.02
REGION1,LVSO,2022,0.19
REGION1,LVSO,2023,0.19
REGION1,LVSO,2024,1.65
REGION1,LVSO,2025,3.36
REGION1,LVSO,2026,5.07
REGION1,LVSO,2027,6.78
REGION1,LVSO,2028,8.5
REGION1,LVSO,2029,10.21
REGION1,LVSO,2030,11.92
REGION1,LVSO,2031,13.63
REGION1,LVSO,2032,15.34
REGION1,LVSO,2033,17.05
REGION1,LVSO,2034,18.76
REGION1,LVSO,2035,20.47
REGION1,LVSO,2036,22.18
REGION1,LVSO,2037,23.9
REGION1,LVSO,2038,25.61
REGION1,LVSO,2039,27.32
REGION1,LVSO,2040,29.03
REGION1,LVSO,2041,30.74
REGION1,LVSO,2042,32.45
REGION1,LVSO,2043,34.16
REGION1,LVSO,2044,35.87
REGION1,LVSO,2045,37.58
REGION1,LVSO,2046,39.29
REGION1,LVSO,2047,41.01
REGION1,LVSO,2048,42.72
REGION1,LVSO,2049,44.43
REGION1,LVSO,2050,46.14
REGION1,LVSO,2051,46.14
REGION1,LVSO,2052,46.14
REGION1,LVSO,2053,46.14
REGION1,LVSO,2054,46.14
REGION1,LVSO,2055,46.14
REGION1,LVSO,2056,46.14
REGION1,LVSO,2057,46.14
REGION1,LVSO,2058,46.14
REGION1,LVSO,2059,46.14
REGION1,LVSO,2060,46.14
